TransactionID,Product,Ingredients
1,Kombucha,"Tea, Sugar, Probiotics"
1,Elderberry Syrup,"Elderberry, Honey, Ginger"
1,Protein Bar,"Pea Protein, Dates, Cocoa"
1,Reishi Coffee,"Coffee, Reishi Mushroom"
2,Granola Clusters,"Oats, Nuts, Honey"
2,Turmeric Tea,"Turmeric, Pepper, Ginger"
3,Elderberry Syrup,"Elderberry, Honey, Ginger"
3,Ashwagandha Drops,"Ashwagandha, Alcohol"
3,Magnesium Gummies,"Magnesium, Citrus, Pectin"
3,Protein Bar,"Pea Protein, Dates, Cocoa"
4,Kombucha,"Tea, Sugar, Probiotics"
4,Protein Bar,"Pea Protein, Dates, Cocoa"
5,Reishi Coffee,"Coffee, Reishi Mushroom"
5,Coconut Water,Coconut
5,Chia Seeds,Chia
5,Granola Clusters,"Oats, Nuts, Honey"
6,Turmeric Tea,"Turmeric, Pepper, Ginger"
6,Magnesium Gummies,"Magnesium, Citrus, Pectin"
6,Chia Seeds,Chia
6,Flax Crackers,"Flax, Salt"
7,Reishi Coffee,"Coffee, Reishi Mushroom"
7,Ashwagandha Drops,"Ashwagandha, Alcohol"
8,Maca Root Capsules,Maca
8,Apple Cider Vinegar,"Apple, Fermented"
8,Ashwagandha Drops,"Ashwagandha, Alcohol"
8,Protein Bar,"Pea Protein, Dates, Cocoa"
9,Matcha Powder,Green Tea
9,Elderberry Syrup,"Elderberry, Honey, Ginger"
9,Maca Root Capsules,Maca
9,Magnesium Gummies,"Magnesium, Citrus, Pectin"
9,Ashwagandha Drops,"Ashwagandha, Alcohol"
10,Flax Crackers,"Flax, Salt"
10,Ashwagandha Drops,"Ashwagandha, Alcohol"
10,Elderberry Syrup,"Elderberry, Honey, Ginger"
10,Protein Bar,"Pea Protein, Dates, Cocoa"
11,Vegan Jerky,"Soy, Spices"
11,Apple Cider Vinegar,"Apple, Fermented"
11,Kombucha,"Tea, Sugar, Probiotics"
11,Magnesium Gummies,"Magnesium, Citrus, Pectin"
12,Elderberry Syrup,"Elderberry, Honey, Ginger"
12,Turmeric Tea,"Turmeric, Pepper, Ginger"
12,Vegan Jerky,"Soy, Spices"
13,Ashwagandha Drops,"Ashwagandha, Alcohol"
13,Elderberry Syrup,"Elderberry, Honey, Ginger"
13,Apple Cider Vinegar,"Apple, Fermented"
14,Turmeric Tea,"Turmeric, Pepper, Ginger"
14,Granola Clusters,"Oats, Nuts, Honey"
14,Maca Root Capsules,Maca
14,Chia Seeds,Chia
14,Apple Cider Vinegar,"Apple, Fermented"
15,Granola Clusters,"Oats, Nuts, Honey"
15,Reishi Coffee,"Coffee, Reishi Mushroom"
15,Magnesium Gummies,"Magnesium, Citrus, Pectin"
16,Vegan Jerky,"Soy, Spices"
16,Reishi Coffee,"Coffee, Reishi Mushroom"
16,Flax Crackers,"Flax, Salt"
16,Kombucha,"Tea, Sugar, Probiotics"
17,Apple Cider Vinegar,"Apple, Fermented"
17,Flax Crackers,"Flax, Salt"
17,Vegan Jerky,"Soy, Spices"
17,Granola Clusters,"Oats, Nuts, Honey"
17,Reishi Coffee,"Coffee, Reishi Mushroom"
18,Protein Bar,"Pea Protein, Dates, Cocoa"
18,Reishi Coffee,"Coffee, Reishi Mushroom"
18,Chia Seeds,Chia
18,Flax Crackers,"Flax, Salt"
19,Coconut Water,Coconut
19,Maca Root Capsules,Maca
19,Chia Seeds,Chia
20,Elderberry Syrup,"Elderberry, Honey, Ginger"
20,Reishi Coffee,"Coffee, Reishi Mushroom"
21,Apple Cider Vinegar,"Apple, Fermented"
21,Flax Crackers,"Flax, Salt"
21,Maca Root Capsules,Maca
21,Granola Clusters,"Oats, Nuts, Honey"
21,Ashwagandha Drops,"Ashwagandha, Alcohol"
22,Protein Bar,"Pea Protein, Dates, Cocoa"
22,Elderberry Syrup,"Elderberry, Honey, Ginger"
22,Ashwagandha Drops,"Ashwagandha, Alcohol"
22,Granola Clusters,"Oats, Nuts, Honey"
22,Apple Cider Vinegar,"Apple, Fermented"
23,Matcha Powder,Green Tea
23,Kombucha,"Tea, Sugar, Probiotics"
23,Elderberry Syrup,"Elderberry, Honey, Ginger"
23,Vegan Jerky,"Soy, Spices"
23,Maca Root Capsules,Maca
24,Magnesium Gummies,"Magnesium, Citrus, Pectin"
24,Protein Bar,"Pea Protein, Dates, Cocoa"
24,Elderberry Syrup,"Elderberry, Honey, Ginger"
25,Granola Clusters,"Oats, Nuts, Honey"
25,Elderberry Syrup,"Elderberry, Honey, Ginger"
25,Matcha Powder,Green Tea
26,Vegan Jerky,"Soy, Spices"
26,Reishi Coffee,"Coffee, Reishi Mushroom"
27,Chia Seeds,Chia
27,Matcha Powder,Green Tea
27,Vegan Jerky,"Soy, Spices"
28,Protein Bar,"Pea Protein, Dates, Cocoa"
28,Reishi Coffee,"Coffee, Reishi Mushroom"
28,Kombucha,"Tea, Sugar, Probiotics"
28,Coconut Water,Coconut
29,Chia Seeds,Chia
29,Reishi Coffee,"Coffee, Reishi Mushroom"
30,Vegan Jerky,"Soy, Spices"
30,Chia Seeds,Chia
30,Maca Root Capsules,Maca
31,Vegan Jerky,"Soy, Spices"
31,Elderberry Syrup,"Elderberry, Honey, Ginger"
31,Kombucha,"Tea, Sugar, Probiotics"
31,Apple Cider Vinegar,"Apple, Fermented"
31,Turmeric Tea,"Turmeric, Pepper, Ginger"
32,Matcha Powder,Green Tea
32,Maca Root Capsules,Maca
32,Reishi Coffee,"Coffee, Reishi Mushroom"
32,Protein Bar,"Pea Protein, Dates, Cocoa"
32,Magnesium Gummies,"Magnesium, Citrus, Pectin"
33,Magnesium Gummies,"Magnesium, Citrus, Pectin"
33,Turmeric Tea,"Turmeric, Pepper, Ginger"
34,Matcha Powder,Green Tea
34,Magnesium Gummies,"Magnesium, Citrus, Pectin"
35,Protein Bar,"Pea Protein, Dates, Cocoa"
35,Vegan Jerky,"Soy, Spices"
36,Granola Clusters,"Oats, Nuts, Honey"
36,Vegan Jerky,"Soy, Spices"
36,Magnesium Gummies,"Magnesium, Citrus, Pectin"
37,Ashwagandha Drops,"Ashwagandha, Alcohol"
37,Flax Crackers,"Flax, Salt"
38,Reishi Coffee,"Coffee, Reishi Mushroom"
38,Chia Seeds,Chia
39,Coconut Water,Coconut
39,Protein Bar,"Pea Protein, Dates, Cocoa"
39,Kombucha,"Tea, Sugar, Probiotics"
40,Maca Root Capsules,Maca
40,Protein Bar,"Pea Protein, Dates, Cocoa"
40,Elderberry Syrup,"Elderberry, Honey, Ginger"
40,Coconut Water,Coconut
40,Granola Clusters,"Oats, Nuts, Honey"
41,Matcha Powder,Green Tea
41,Magnesium Gummies,"Magnesium, Citrus, Pectin"
41,Elderberry Syrup,"Elderberry, Honey, Ginger"
41,Flax Crackers,"Flax, Salt"
42,Elderberry Syrup,"Elderberry, Honey, Ginger"
42,Granola Clusters,"Oats, Nuts, Honey"
42,Ashwagandha Drops,"Ashwagandha, Alcohol"
42,Vegan Jerky,"Soy, Spices"
42,Maca Root Capsules,Maca
43,Elderberry Syrup,"Elderberry, Honey, Ginger"
43,Maca Root Capsules,Maca
43,Protein Bar,"Pea Protein, Dates, Cocoa"
43,Granola Clusters,"Oats, Nuts, Honey"
43,Magnesium Gummies,"Magnesium, Citrus, Pectin"
44,Vegan Jerky,"Soy, Spices"
44,Kombucha,"Tea, Sugar, Probiotics"
44,Matcha Powder,Green Tea
44,Turmeric Tea,"Turmeric, Pepper, Ginger"
44,Maca Root Capsules,Maca
45,Turmeric Tea,"Turmeric, Pepper, Ginger"
45,Flax Crackers,"Flax, Salt"
45,Ashwagandha Drops,"Ashwagandha, Alcohol"
45,Matcha Powder,Green Tea
46,Flax Crackers,"Flax, Salt"
46,Granola Clusters,"Oats, Nuts, Honey"
46,Magnesium Gummies,"Magnesium, Citrus, Pectin"
47,Reishi Coffee,"Coffee, Reishi Mushroom"
47,Kombucha,"Tea, Sugar, Probiotics"
48,Protein Bar,"Pea Protein, Dates, Cocoa"
48,Reishi Coffee,"Coffee, Reishi Mushroom"
49,Granola Clusters,"Oats, Nuts, Honey"
49,Turmeric Tea,"Turmeric, Pepper, Ginger"
49,Coconut Water,Coconut
49,Reishi Coffee,"Coffee, Reishi Mushroom"
50,Maca Root Capsules,Maca
50,Granola Clusters,"Oats, Nuts, Honey"
50,Ashwagandha Drops,"Ashwagandha, Alcohol"
50,Vegan Jerky,"Soy, Spices"
51,Vegan Jerky,"Soy, Spices"
51,Magnesium Gummies,"Magnesium, Citrus, Pectin"
51,Flax Crackers,"Flax, Salt"
52,Protein Bar,"Pea Protein, Dates, Cocoa"
52,Turmeric Tea,"Turmeric, Pepper, Ginger"
52,Kombucha,"Tea, Sugar, Probiotics"
52,Ashwagandha Drops,"Ashwagandha, Alcohol"
52,Granola Clusters,"Oats, Nuts, Honey"
53,Granola Clusters,"Oats, Nuts, Honey"
53,Reishi Coffee,"Coffee, Reishi Mushroom"
53,Turmeric Tea,"Turmeric, Pepper, Ginger"
53,Elderberry Syrup,"Elderberry, Honey, Ginger"
53,Ashwagandha Drops,"Ashwagandha, Alcohol"
54,Matcha Powder,Green Tea
54,Granola Clusters,"Oats, Nuts, Honey"
54,Maca Root Capsules,Maca
55,Vegan Jerky,"Soy, Spices"
55,Flax Crackers,"Flax, Salt"
56,Elderberry Syrup,"Elderberry, Honey, Ginger"
56,Matcha Powder,Green Tea
57,Vegan Jerky,"Soy, Spices"
57,Matcha Powder,Green Tea
58,Chia Seeds,Chia
58,Matcha Powder,Green Tea
59,Flax Crackers,"Flax, Salt"
59,Apple Cider Vinegar,"Apple, Fermented"
59,Matcha Powder,Green Tea
59,Vegan Jerky,"Soy, Spices"
59,Turmeric Tea,"Turmeric, Pepper, Ginger"
60,Magnesium Gummies,"Magnesium, Citrus, Pectin"
60,Flax Crackers,"Flax, Salt"
60,Chia Seeds,Chia
60,Vegan Jerky,"Soy, Spices"
60,Kombucha,"Tea, Sugar, Probiotics"
61,Coconut Water,Coconut
61,Flax Crackers,"Flax, Salt"
61,Vegan Jerky,"Soy, Spices"
61,Protein Bar,"Pea Protein, Dates, Cocoa"
62,Apple Cider Vinegar,"Apple, Fermented"
62,Maca Root Capsules,Maca
62,Reishi Coffee,"Coffee, Reishi Mushroom"
62,Coconut Water,Coconut
62,Matcha Powder,Green Tea
63,Magnesium Gummies,"Magnesium, Citrus, Pectin"
63,Granola Clusters,"Oats, Nuts, Honey"
63,Kombucha,"Tea, Sugar, Probiotics"
63,Protein Bar,"Pea Protein, Dates, Cocoa"
63,Matcha Powder,Green Tea
64,Vegan Jerky,"Soy, Spices"
64,Matcha Powder,Green Tea
65,Elderberry Syrup,"Elderberry, Honey, Ginger"
65,Granola Clusters,"Oats, Nuts, Honey"
65,Ashwagandha Drops,"Ashwagandha, Alcohol"
65,Reishi Coffee,"Coffee, Reishi Mushroom"
66,Coconut Water,Coconut
66,Kombucha,"Tea, Sugar, Probiotics"
66,Flax Crackers,"Flax, Salt"
66,Matcha Powder,Green Tea
67,Ashwagandha Drops,"Ashwagandha, Alcohol"
67,Magnesium Gummies,"Magnesium, Citrus, Pectin"
67,Flax Crackers,"Flax, Salt"
67,Matcha Powder,Green Tea
68,Chia Seeds,Chia
68,Flax Crackers,"Flax, Salt"
69,Magnesium Gummies,"Magnesium, Citrus, Pectin"
69,Granola Clusters,"Oats, Nuts, Honey"
69,Ashwagandha Drops,"Ashwagandha, Alcohol"
69,Coconut Water,Coconut
70,Apple Cider Vinegar,"Apple, Fermented"
70,Granola Clusters,"Oats, Nuts, Honey"
70,Turmeric Tea,"Turmeric, Pepper, Ginger"
70,Elderberry Syrup,"Elderberry, Honey, Ginger"
70,Matcha Powder,Green Tea
71,Kombucha,"Tea, Sugar, Probiotics"
71,Reishi Coffee,"Coffee, Reishi Mushroom"
71,Maca Root Capsules,Maca
72,Matcha Powder,Green Tea
72,Chia Seeds,Chia
72,Flax Crackers,"Flax, Salt"
72,Coconut Water,Coconut
73,Chia Seeds,Chia
73,Coconut Water,Coconut
74,Magnesium Gummies,"Magnesium, Citrus, Pectin"
74,Maca Root Capsules,Maca
74,Vegan Jerky,"Soy, Spices"
75,Maca Root Capsules,Maca
75,Granola Clusters,"Oats, Nuts, Honey"
75,Apple Cider Vinegar,"Apple, Fermented"
76,Granola Clusters,"Oats, Nuts, Honey"
76,Coconut Water,Coconut
77,Kombucha,"Tea, Sugar, Probiotics"
77,Granola Clusters,"Oats, Nuts, Honey"
77,Matcha Powder,Green Tea
77,Elderberry Syrup,"Elderberry, Honey, Ginger"
77,Protein Bar,"Pea Protein, Dates, Cocoa"
78,Matcha Powder,Green Tea
78,Maca Root Capsules,Maca
78,Kombucha,"Tea, Sugar, Probiotics"
78,Coconut Water,Coconut
78,Chia Seeds,Chia
79,Apple Cider Vinegar,"Apple, Fermented"
79,Coconut Water,Coconut
79,Matcha Powder,Green Tea
79,Flax Crackers,"Flax, Salt"
80,Elderberry Syrup,"Elderberry, Honey, Ginger"
80,Ashwagandha Drops,"Ashwagandha, Alcohol"
80,Magnesium Gummies,"Magnesium, Citrus, Pectin"
80,Protein Bar,"Pea Protein, Dates, Cocoa"
81,Maca Root Capsules,Maca
81,Reishi Coffee,"Coffee, Reishi Mushroom"
81,Flax Crackers,"Flax, Salt"
81,Vegan Jerky,"Soy, Spices"
82,Coconut Water,Coconut
82,Kombucha,"Tea, Sugar, Probiotics"
83,Reishi Coffee,"Coffee, Reishi Mushroom"
83,Kombucha,"Tea, Sugar, Probiotics"
83,Magnesium Gummies,"Magnesium, Citrus, Pectin"
83,Ashwagandha Drops,"Ashwagandha, Alcohol"
84,Granola Clusters,"Oats, Nuts, Honey"
84,Protein Bar,"Pea Protein, Dates, Cocoa"
84,Turmeric Tea,"Turmeric, Pepper, Ginger"
84,Flax Crackers,"Flax, Salt"
84,Maca Root Capsules,Maca
85,Maca Root Capsules,Maca
85,Ashwagandha Drops,"Ashwagandha, Alcohol"
86,Matcha Powder,Green Tea
86,Apple Cider Vinegar,"Apple, Fermented"
86,Elderberry Syrup,"Elderberry, Honey, Ginger"
87,Coconut Water,Coconut
87,Kombucha,"Tea, Sugar, Probiotics"
88,Elderberry Syrup,"Elderberry, Honey, Ginger"
88,Flax Crackers,"Flax, Salt"
88,Magnesium Gummies,"Magnesium, Citrus, Pectin"
88,Apple Cider Vinegar,"Apple, Fermented"
88,Chia Seeds,Chia
89,Flax Crackers,"Flax, Salt"
89,Turmeric Tea,"Turmeric, Pepper, Ginger"
90,Elderberry Syrup,"Elderberry, Honey, Ginger"
90,Protein Bar,"Pea Protein, Dates, Cocoa"
90,Matcha Powder,Green Tea
90,Apple Cider Vinegar,"Apple, Fermented"
90,Chia Seeds,Chia
91,Coconut Water,Coconut
91,Reishi Coffee,"Coffee, Reishi Mushroom"
91,Granola Clusters,"Oats, Nuts, Honey"
92,Chia Seeds,Chia
92,Coconut Water,Coconut
92,Flax Crackers,"Flax, Salt"
92,Magnesium Gummies,"Magnesium, Citrus, Pectin"
93,Protein Bar,"Pea Protein, Dates, Cocoa"
93,Coconut Water,Coconut
93,Reishi Coffee,"Coffee, Reishi Mushroom"
93,Matcha Powder,Green Tea
93,Chia Seeds,Chia
94,Reishi Coffee,"Coffee, Reishi Mushroom"
94,Apple Cider Vinegar,"Apple, Fermented"
94,Maca Root Capsules,Maca
94,Matcha Powder,Green Tea
95,Matcha Powder,Green Tea
95,Flax Crackers,"Flax, Salt"
96,Vegan Jerky,"Soy, Spices"
96,Magnesium Gummies,"Magnesium, Citrus, Pectin"
96,Flax Crackers,"Flax, Salt"
97,Granola Clusters,"Oats, Nuts, Honey"
97,Vegan Jerky,"Soy, Spices"
97,Maca Root Capsules,Maca
97,Reishi Coffee,"Coffee, Reishi Mushroom"
97,Coconut Water,Coconut
98,Protein Bar,"Pea Protein, Dates, Cocoa"
98,Apple Cider Vinegar,"Apple, Fermented"
98,Matcha Powder,Green Tea
98,Coconut Water,Coconut
98,Flax Crackers,"Flax, Salt"
99,Reishi Coffee,"Coffee, Reishi Mushroom"
99,Turmeric Tea,"Turmeric, Pepper, Ginger"
100,Ashwagandha Drops,"Ashwagandha, Alcohol"
100,Vegan Jerky,"Soy, Spices"
101,Turmeric Tea,"Turmeric, Pepper, Ginger"
101,Coconut Water,Coconut
102,Protein Bar,"Pea Protein, Dates, Cocoa"
102,Elderberry Syrup,"Elderberry, Honey, Ginger"
103,Apple Cider Vinegar,"Apple, Fermented"
103,Magnesium Gummies,"Magnesium, Citrus, Pectin"
103,Maca Root Capsules,Maca
104,Ashwagandha Drops,"Ashwagandha, Alcohol"
104,Turmeric Tea,"Turmeric, Pepper, Ginger"
104,Matcha Powder,Green Tea
105,Kombucha,"Tea, Sugar, Probiotics"
105,Reishi Coffee,"Coffee, Reishi Mushroom"
105,Protein Bar,"Pea Protein, Dates, Cocoa"
105,Flax Crackers,"Flax, Salt"
106,Protein Bar,"Pea Protein, Dates, Cocoa"
106,Ashwagandha Drops,"Ashwagandha, Alcohol"
106,Reishi Coffee,"Coffee, Reishi Mushroom"
106,Vegan Jerky,"Soy, Spices"
106,Matcha Powder,Green Tea
107,Apple Cider Vinegar,"Apple, Fermented"
107,Flax Crackers,"Flax, Salt"
107,Maca Root Capsules,Maca
107,Turmeric Tea,"Turmeric, Pepper, Ginger"
108,Reishi Coffee,"Coffee, Reishi Mushroom"
108,Matcha Powder,Green Tea
109,Apple Cider Vinegar,"Apple, Fermented"
109,Chia Seeds,Chia
109,Kombucha,"Tea, Sugar, Probiotics"
109,Protein Bar,"Pea Protein, Dates, Cocoa"
109,Magnesium Gummies,"Magnesium, Citrus, Pectin"
110,Reishi Coffee,"Coffee, Reishi Mushroom"
110,Granola Clusters,"Oats, Nuts, Honey"
110,Magnesium Gummies,"Magnesium, Citrus, Pectin"
110,Protein Bar,"Pea Protein, Dates, Cocoa"
111,Maca Root Capsules,Maca
111,Matcha Powder,Green Tea
112,Flax Crackers,"Flax, Salt"
112,Reishi Coffee,"Coffee, Reishi Mushroom"
112,Protein Bar,"Pea Protein, Dates, Cocoa"
113,Granola Clusters,"Oats, Nuts, Honey"
113,Coconut Water,Coconut
113,Apple Cider Vinegar,"Apple, Fermented"
113,Maca Root Capsules,Maca
114,Flax Crackers,"Flax, Salt"
114,Granola Clusters,"Oats, Nuts, Honey"
114,Protein Bar,"Pea Protein, Dates, Cocoa"
115,Protein Bar,"Pea Protein, Dates, Cocoa"
115,Kombucha,"Tea, Sugar, Probiotics"
115,Maca Root Capsules,Maca
115,Apple Cider Vinegar,"Apple, Fermented"
116,Protein Bar,"Pea Protein, Dates, Cocoa"
116,Matcha Powder,Green Tea
116,Granola Clusters,"Oats, Nuts, Honey"
116,Vegan Jerky,"Soy, Spices"
117,Chia Seeds,Chia
117,Granola Clusters,"Oats, Nuts, Honey"
117,Ashwagandha Drops,"Ashwagandha, Alcohol"
117,Maca Root Capsules,Maca
118,Ashwagandha Drops,"Ashwagandha, Alcohol"
118,Apple Cider Vinegar,"Apple, Fermented"
118,Reishi Coffee,"Coffee, Reishi Mushroom"
118,Coconut Water,Coconut
119,Kombucha,"Tea, Sugar, Probiotics"
119,Flax Crackers,"Flax, Salt"
119,Protein Bar,"Pea Protein, Dates, Cocoa"
119,Matcha Powder,Green Tea
120,Turmeric Tea,"Turmeric, Pepper, Ginger"
120,Granola Clusters,"Oats, Nuts, Honey"
120,Reishi Coffee,"Coffee, Reishi Mushroom"
120,Matcha Powder,Green Tea
120,Vegan Jerky,"Soy, Spices"
121,Chia Seeds,Chia
121,Coconut Water,Coconut
121,Reishi Coffee,"Coffee, Reishi Mushroom"
121,Granola Clusters,"Oats, Nuts, Honey"
122,Elderberry Syrup,"Elderberry, Honey, Ginger"
122,Ashwagandha Drops,"Ashwagandha, Alcohol"
123,Flax Crackers,"Flax, Salt"
123,Kombucha,"Tea, Sugar, Probiotics"
124,Protein Bar,"Pea Protein, Dates, Cocoa"
124,Turmeric Tea,"Turmeric, Pepper, Ginger"
125,Kombucha,"Tea, Sugar, Probiotics"
125,Ashwagandha Drops,"Ashwagandha, Alcohol"
125,Maca Root Capsules,Maca
125,Vegan Jerky,"Soy, Spices"
125,Flax Crackers,"Flax, Salt"
126,Magnesium Gummies,"Magnesium, Citrus, Pectin"
126,Vegan Jerky,"Soy, Spices"
126,Matcha Powder,Green Tea
126,Chia Seeds,Chia
127,Apple Cider Vinegar,"Apple, Fermented"
127,Protein Bar,"Pea Protein, Dates, Cocoa"
127,Elderberry Syrup,"Elderberry, Honey, Ginger"
127,Vegan Jerky,"Soy, Spices"
128,Maca Root Capsules,Maca
128,Coconut Water,Coconut
128,Flax Crackers,"Flax, Salt"
129,Magnesium Gummies,"Magnesium, Citrus, Pectin"
129,Apple Cider Vinegar,"Apple, Fermented"
129,Elderberry Syrup,"Elderberry, Honey, Ginger"
130,Granola Clusters,"Oats, Nuts, Honey"
130,Vegan Jerky,"Soy, Spices"
131,Apple Cider Vinegar,"Apple, Fermented"
131,Reishi Coffee,"Coffee, Reishi Mushroom"
131,Flax Crackers,"Flax, Salt"
131,Matcha Powder,Green Tea
131,Elderberry Syrup,"Elderberry, Honey, Ginger"
132,Coconut Water,Coconut
132,Magnesium Gummies,"Magnesium, Citrus, Pectin"
133,Granola Clusters,"Oats, Nuts, Honey"
133,Reishi Coffee,"Coffee, Reishi Mushroom"
133,Ashwagandha Drops,"Ashwagandha, Alcohol"
133,Matcha Powder,Green Tea
133,Kombucha,"Tea, Sugar, Probiotics"
134,Reishi Coffee,"Coffee, Reishi Mushroom"
134,Chia Seeds,Chia
134,Vegan Jerky,"Soy, Spices"
135,Maca Root Capsules,Maca
135,Turmeric Tea,"Turmeric, Pepper, Ginger"
135,Chia Seeds,Chia
135,Granola Clusters,"Oats, Nuts, Honey"
135,Apple Cider Vinegar,"Apple, Fermented"
136,Reishi Coffee,"Coffee, Reishi Mushroom"
136,Maca Root Capsules,Maca
137,Chia Seeds,Chia
137,Apple Cider Vinegar,"Apple, Fermented"
137,Matcha Powder,Green Tea
138,Chia Seeds,Chia
138,Kombucha,"Tea, Sugar, Probiotics"
138,Magnesium Gummies,"Magnesium, Citrus, Pectin"
139,Kombucha,"Tea, Sugar, Probiotics"
139,Matcha Powder,Green Tea
140,Coconut Water,Coconut
140,Reishi Coffee,"Coffee, Reishi Mushroom"
141,Vegan Jerky,"Soy, Spices"
141,Magnesium Gummies,"Magnesium, Citrus, Pectin"
141,Elderberry Syrup,"Elderberry, Honey, Ginger"
141,Reishi Coffee,"Coffee, Reishi Mushroom"
142,Granola Clusters,"Oats, Nuts, Honey"
142,Ashwagandha Drops,"Ashwagandha, Alcohol"
142,Protein Bar,"Pea Protein, Dates, Cocoa"
142,Magnesium Gummies,"Magnesium, Citrus, Pectin"
142,Coconut Water,Coconut
143,Apple Cider Vinegar,"Apple, Fermented"
143,Kombucha,"Tea, Sugar, Probiotics"
143,Vegan Jerky,"Soy, Spices"
143,Maca Root Capsules,Maca
143,Chia Seeds,Chia
144,Flax Crackers,"Flax, Salt"
144,Maca Root Capsules,Maca
144,Ashwagandha Drops,"Ashwagandha, Alcohol"
145,Coconut Water,Coconut
145,Maca Root Capsules,Maca
145,Ashwagandha Drops,"Ashwagandha, Alcohol"
145,Turmeric Tea,"Turmeric, Pepper, Ginger"
146,Coconut Water,Coconut
146,Magnesium Gummies,"Magnesium, Citrus, Pectin"
146,Granola Clusters,"Oats, Nuts, Honey"
146,Protein Bar,"Pea Protein, Dates, Cocoa"
146,Reishi Coffee,"Coffee, Reishi Mushroom"
147,Protein Bar,"Pea Protein, Dates, Cocoa"
147,Granola Clusters,"Oats, Nuts, Honey"
147,Elderberry Syrup,"Elderberry, Honey, Ginger"
147,Coconut Water,Coconut
147,Ashwagandha Drops,"Ashwagandha, Alcohol"
148,Ashwagandha Drops,"Ashwagandha, Alcohol"
148,Elderberry Syrup,"Elderberry, Honey, Ginger"
148,Reishi Coffee,"Coffee, Reishi Mushroom"
148,Turmeric Tea,"Turmeric, Pepper, Ginger"
148,Protein Bar,"Pea Protein, Dates, Cocoa"
149,Reishi Coffee,"Coffee, Reishi Mushroom"
149,Coconut Water,Coconut
149,Vegan Jerky,"Soy, Spices"
150,Protein Bar,"Pea Protein, Dates, Cocoa"
150,Coconut Water,Coconut
151,Kombucha,"Tea, Sugar, Probiotics"
151,Turmeric Tea,"Turmeric, Pepper, Ginger"
152,Apple Cider Vinegar,"Apple, Fermented"
152,Matcha Powder,Green Tea
152,Turmeric Tea,"Turmeric, Pepper, Ginger"
152,Coconut Water,Coconut
152,Flax Crackers,"Flax, Salt"
153,Chia Seeds,Chia
153,Maca Root Capsules,Maca
153,Magnesium Gummies,"Magnesium, Citrus, Pectin"
154,Flax Crackers,"Flax, Salt"
154,Vegan Jerky,"Soy, Spices"
154,Matcha Powder,Green Tea
154,Coconut Water,Coconut
154,Granola Clusters,"Oats, Nuts, Honey"
155,Kombucha,"Tea, Sugar, Probiotics"
155,Vegan Jerky,"Soy, Spices"
156,Matcha Powder,Green Tea
156,Reishi Coffee,"Coffee, Reishi Mushroom"
156,Maca Root Capsules,Maca
157,Protein Bar,"Pea Protein, Dates, Cocoa"
157,Reishi Coffee,"Coffee, Reishi Mushroom"
157,Ashwagandha Drops,"Ashwagandha, Alcohol"
158,Flax Crackers,"Flax, Salt"
158,Granola Clusters,"Oats, Nuts, Honey"
158,Coconut Water,Coconut
158,Kombucha,"Tea, Sugar, Probiotics"
159,Apple Cider Vinegar,"Apple, Fermented"
159,Vegan Jerky,"Soy, Spices"
160,Kombucha,"Tea, Sugar, Probiotics"
160,Vegan Jerky,"Soy, Spices"
160,Reishi Coffee,"Coffee, Reishi Mushroom"
160,Elderberry Syrup,"Elderberry, Honey, Ginger"
161,Protein Bar,"Pea Protein, Dates, Cocoa"
161,Apple Cider Vinegar,"Apple, Fermented"
161,Kombucha,"Tea, Sugar, Probiotics"
162,Turmeric Tea,"Turmeric, Pepper, Ginger"
162,Vegan Jerky,"Soy, Spices"
162,Matcha Powder,Green Tea
162,Protein Bar,"Pea Protein, Dates, Cocoa"
162,Chia Seeds,Chia
163,Turmeric Tea,"Turmeric, Pepper, Ginger"
163,Ashwagandha Drops,"Ashwagandha, Alcohol"
163,Elderberry Syrup,"Elderberry, Honey, Ginger"
164,Matcha Powder,Green Tea
164,Chia Seeds,Chia
164,Protein Bar,"Pea Protein, Dates, Cocoa"
164,Granola Clusters,"Oats, Nuts, Honey"
165,Chia Seeds,Chia
165,Vegan Jerky,"Soy, Spices"
165,Coconut Water,Coconut
165,Protein Bar,"Pea Protein, Dates, Cocoa"
166,Apple Cider Vinegar,"Apple, Fermented"
166,Ashwagandha Drops,"Ashwagandha, Alcohol"
166,Reishi Coffee,"Coffee, Reishi Mushroom"
166,Magnesium Gummies,"Magnesium, Citrus, Pectin"
167,Vegan Jerky,"Soy, Spices"
167,Kombucha,"Tea, Sugar, Probiotics"
168,Reishi Coffee,"Coffee, Reishi Mushroom"
168,Apple Cider Vinegar,"Apple, Fermented"
168,Ashwagandha Drops,"Ashwagandha, Alcohol"
168,Maca Root Capsules,Maca
169,Apple Cider Vinegar,"Apple, Fermented"
169,Reishi Coffee,"Coffee, Reishi Mushroom"
169,Elderberry Syrup,"Elderberry, Honey, Ginger"
169,Flax Crackers,"Flax, Salt"
169,Maca Root Capsules,Maca
170,Kombucha,"Tea, Sugar, Probiotics"
170,Granola Clusters,"Oats, Nuts, Honey"
171,Apple Cider Vinegar,"Apple, Fermented"
171,Magnesium Gummies,"Magnesium, Citrus, Pectin"
171,Vegan Jerky,"Soy, Spices"
172,Protein Bar,"Pea Protein, Dates, Cocoa"
172,Elderberry Syrup,"Elderberry, Honey, Ginger"
172,Turmeric Tea,"Turmeric, Pepper, Ginger"
173,Reishi Coffee,"Coffee, Reishi Mushroom"
173,Ashwagandha Drops,"Ashwagandha, Alcohol"
173,Magnesium Gummies,"Magnesium, Citrus, Pectin"
174,Magnesium Gummies,"Magnesium, Citrus, Pectin"
174,Maca Root Capsules,Maca
174,Turmeric Tea,"Turmeric, Pepper, Ginger"
175,Vegan Jerky,"Soy, Spices"
175,Flax Crackers,"Flax, Salt"
176,Magnesium Gummies,"Magnesium, Citrus, Pectin"
176,Maca Root Capsules,Maca
176,Apple Cider Vinegar,"Apple, Fermented"
176,Ashwagandha Drops,"Ashwagandha, Alcohol"
176,Kombucha,"Tea, Sugar, Probiotics"
177,Flax Crackers,"Flax, Salt"
177,Magnesium Gummies,"Magnesium, Citrus, Pectin"
178,Granola Clusters,"Oats, Nuts, Honey"
178,Coconut Water,Coconut
178,Reishi Coffee,"Coffee, Reishi Mushroom"
179,Apple Cider Vinegar,"Apple, Fermented"
179,Maca Root Capsules,Maca
180,Granola Clusters,"Oats, Nuts, Honey"
180,Kombucha,"Tea, Sugar, Probiotics"
180,Reishi Coffee,"Coffee, Reishi Mushroom"
180,Coconut Water,Coconut
180,Apple Cider Vinegar,"Apple, Fermented"
181,Vegan Jerky,"Soy, Spices"
181,Kombucha,"Tea, Sugar, Probiotics"
181,Matcha Powder,Green Tea
181,Granola Clusters,"Oats, Nuts, Honey"
182,Protein Bar,"Pea Protein, Dates, Cocoa"
182,Elderberry Syrup,"Elderberry, Honey, Ginger"
182,Apple Cider Vinegar,"Apple, Fermented"
182,Maca Root Capsules,Maca
183,Kombucha,"Tea, Sugar, Probiotics"
183,Magnesium Gummies,"Magnesium, Citrus, Pectin"
184,Matcha Powder,Green Tea
184,Kombucha,"Tea, Sugar, Probiotics"
185,Turmeric Tea,"Turmeric, Pepper, Ginger"
185,Magnesium Gummies,"Magnesium, Citrus, Pectin"
185,Matcha Powder,Green Tea
186,Ashwagandha Drops,"Ashwagandha, Alcohol"
186,Magnesium Gummies,"Magnesium, Citrus, Pectin"
187,Magnesium Gummies,"Magnesium, Citrus, Pectin"
187,Apple Cider Vinegar,"Apple, Fermented"
187,Protein Bar,"Pea Protein, Dates, Cocoa"
188,Protein Bar,"Pea Protein, Dates, Cocoa"
188,Turmeric Tea,"Turmeric, Pepper, Ginger"
188,Granola Clusters,"Oats, Nuts, Honey"
189,Matcha Powder,Green Tea
189,Magnesium Gummies,"Magnesium, Citrus, Pectin"
189,Flax Crackers,"Flax, Salt"
190,Elderberry Syrup,"Elderberry, Honey, Ginger"
190,Apple Cider Vinegar,"Apple, Fermented"
190,Matcha Powder,Green Tea
190,Protein Bar,"Pea Protein, Dates, Cocoa"
191,Magnesium Gummies,"Magnesium, Citrus, Pectin"
191,Flax Crackers,"Flax, Salt"
191,Apple Cider Vinegar,"Apple, Fermented"
191,Reishi Coffee,"Coffee, Reishi Mushroom"
191,Coconut Water,Coconut
192,Magnesium Gummies,"Magnesium, Citrus, Pectin"
192,Granola Clusters,"Oats, Nuts, Honey"
192,Flax Crackers,"Flax, Salt"
192,Kombucha,"Tea, Sugar, Probiotics"
193,Apple Cider Vinegar,"Apple, Fermented"
193,Coconut Water,Coconut
193,Granola Clusters,"Oats, Nuts, Honey"
193,Chia Seeds,Chia
193,Flax Crackers,"Flax, Salt"
194,Kombucha,"Tea, Sugar, Probiotics"
194,Flax Crackers,"Flax, Salt"
194,Turmeric Tea,"Turmeric, Pepper, Ginger"
194,Magnesium Gummies,"Magnesium, Citrus, Pectin"
195,Maca Root Capsules,Maca
195,Apple Cider Vinegar,"Apple, Fermented"
195,Chia Seeds,Chia
195,Reishi Coffee,"Coffee, Reishi Mushroom"
196,Protein Bar,"Pea Protein, Dates, Cocoa"
196,Granola Clusters,"Oats, Nuts, Honey"
196,Magnesium Gummies,"Magnesium, Citrus, Pectin"
196,Reishi Coffee,"Coffee, Reishi Mushroom"
196,Apple Cider Vinegar,"Apple, Fermented"
197,Coconut Water,Coconut
197,Ashwagandha Drops,"Ashwagandha, Alcohol"
197,Elderberry Syrup,"Elderberry, Honey, Ginger"
198,Apple Cider Vinegar,"Apple, Fermented"
198,Protein Bar,"Pea Protein, Dates, Cocoa"
199,Ashwagandha Drops,"Ashwagandha, Alcohol"
199,Flax Crackers,"Flax, Salt"
199,Apple Cider Vinegar,"Apple, Fermented"
199,Matcha Powder,Green Tea
199,Kombucha,"Tea, Sugar, Probiotics"
200,Maca Root Capsules,Maca
200,Reishi Coffee,"Coffee, Reishi Mushroom"
201,Vegan Jerky,"Soy, Spices"
201,Turmeric Tea,"Turmeric, Pepper, Ginger"
202,Kombucha,"Tea, Sugar, Probiotics"
202,Apple Cider Vinegar,"Apple, Fermented"
202,Reishi Coffee,"Coffee, Reishi Mushroom"
202,Maca Root Capsules,Maca
202,Flax Crackers,"Flax, Salt"
203,Ashwagandha Drops,"Ashwagandha, Alcohol"
203,Reishi Coffee,"Coffee, Reishi Mushroom"
203,Kombucha,"Tea, Sugar, Probiotics"
204,Reishi Coffee,"Coffee, Reishi Mushroom"
204,Coconut Water,Coconut
204,Flax Crackers,"Flax, Salt"
204,Magnesium Gummies,"Magnesium, Citrus, Pectin"
204,Protein Bar,"Pea Protein, Dates, Cocoa"
205,Vegan Jerky,"Soy, Spices"
205,Magnesium Gummies,"Magnesium, Citrus, Pectin"
205,Apple Cider Vinegar,"Apple, Fermented"
206,Vegan Jerky,"Soy, Spices"
206,Chia Seeds,Chia
206,Protein Bar,"Pea Protein, Dates, Cocoa"
206,Reishi Coffee,"Coffee, Reishi Mushroom"
206,Magnesium Gummies,"Magnesium, Citrus, Pectin"
207,Elderberry Syrup,"Elderberry, Honey, Ginger"
207,Coconut Water,Coconut
207,Chia Seeds,Chia
207,Apple Cider Vinegar,"Apple, Fermented"
208,Flax Crackers,"Flax, Salt"
208,Maca Root Capsules,Maca
208,Ashwagandha Drops,"Ashwagandha, Alcohol"
209,Magnesium Gummies,"Magnesium, Citrus, Pectin"
209,Elderberry Syrup,"Elderberry, Honey, Ginger"
210,Magnesium Gummies,"Magnesium, Citrus, Pectin"
210,Reishi Coffee,"Coffee, Reishi Mushroom"
210,Vegan Jerky,"Soy, Spices"
210,Coconut Water,Coconut
210,Flax Crackers,"Flax, Salt"
211,Coconut Water,Coconut
211,Turmeric Tea,"Turmeric, Pepper, Ginger"
211,Protein Bar,"Pea Protein, Dates, Cocoa"
212,Matcha Powder,Green Tea
212,Ashwagandha Drops,"Ashwagandha, Alcohol"
212,Magnesium Gummies,"Magnesium, Citrus, Pectin"
212,Coconut Water,Coconut
212,Chia Seeds,Chia
213,Reishi Coffee,"Coffee, Reishi Mushroom"
213,Protein Bar,"Pea Protein, Dates, Cocoa"
213,Granola Clusters,"Oats, Nuts, Honey"
213,Ashwagandha Drops,"Ashwagandha, Alcohol"
213,Turmeric Tea,"Turmeric, Pepper, Ginger"
214,Turmeric Tea,"Turmeric, Pepper, Ginger"
214,Protein Bar,"Pea Protein, Dates, Cocoa"
214,Apple Cider Vinegar,"Apple, Fermented"
214,Magnesium Gummies,"Magnesium, Citrus, Pectin"
215,Elderberry Syrup,"Elderberry, Honey, Ginger"
215,Flax Crackers,"Flax, Salt"
215,Protein Bar,"Pea Protein, Dates, Cocoa"
216,Ashwagandha Drops,"Ashwagandha, Alcohol"
216,Turmeric Tea,"Turmeric, Pepper, Ginger"
217,Turmeric Tea,"Turmeric, Pepper, Ginger"
217,Matcha Powder,Green Tea
217,Chia Seeds,Chia
218,Kombucha,"Tea, Sugar, Probiotics"
218,Coconut Water,Coconut
219,Ashwagandha Drops,"Ashwagandha, Alcohol"
219,Flax Crackers,"Flax, Salt"
219,Vegan Jerky,"Soy, Spices"
220,Granola Clusters,"Oats, Nuts, Honey"
220,Ashwagandha Drops,"Ashwagandha, Alcohol"
220,Flax Crackers,"Flax, Salt"
220,Turmeric Tea,"Turmeric, Pepper, Ginger"
220,Kombucha,"Tea, Sugar, Probiotics"
221,Granola Clusters,"Oats, Nuts, Honey"
221,Chia Seeds,Chia
221,Elderberry Syrup,"Elderberry, Honey, Ginger"
221,Flax Crackers,"Flax, Salt"
221,Coconut Water,Coconut
222,Ashwagandha Drops,"Ashwagandha, Alcohol"
222,Elderberry Syrup,"Elderberry, Honey, Ginger"
222,Reishi Coffee,"Coffee, Reishi Mushroom"
222,Protein Bar,"Pea Protein, Dates, Cocoa"
223,Kombucha,"Tea, Sugar, Probiotics"
223,Granola Clusters,"Oats, Nuts, Honey"
223,Flax Crackers,"Flax, Salt"
223,Reishi Coffee,"Coffee, Reishi Mushroom"
224,Coconut Water,Coconut
224,Ashwagandha Drops,"Ashwagandha, Alcohol"
224,Elderberry Syrup,"Elderberry, Honey, Ginger"
224,Apple Cider Vinegar,"Apple, Fermented"
225,Ashwagandha Drops,"Ashwagandha, Alcohol"
225,Matcha Powder,Green Tea
225,Flax Crackers,"Flax, Salt"
226,Flax Crackers,"Flax, Salt"
226,Vegan Jerky,"Soy, Spices"
226,Elderberry Syrup,"Elderberry, Honey, Ginger"
226,Ashwagandha Drops,"Ashwagandha, Alcohol"
226,Reishi Coffee,"Coffee, Reishi Mushroom"
227,Vegan Jerky,"Soy, Spices"
227,Granola Clusters,"Oats, Nuts, Honey"
227,Kombucha,"Tea, Sugar, Probiotics"
228,Kombucha,"Tea, Sugar, Probiotics"
228,Granola Clusters,"Oats, Nuts, Honey"
228,Coconut Water,Coconut
229,Magnesium Gummies,"Magnesium, Citrus, Pectin"
229,Granola Clusters,"Oats, Nuts, Honey"
230,Granola Clusters,"Oats, Nuts, Honey"
230,Magnesium Gummies,"Magnesium, Citrus, Pectin"
230,Vegan Jerky,"Soy, Spices"
230,Apple Cider Vinegar,"Apple, Fermented"
231,Chia Seeds,Chia
231,Protein Bar,"Pea Protein, Dates, Cocoa"
231,Flax Crackers,"Flax, Salt"
232,Elderberry Syrup,"Elderberry, Honey, Ginger"
232,Vegan Jerky,"Soy, Spices"
232,Apple Cider Vinegar,"Apple, Fermented"
233,Reishi Coffee,"Coffee, Reishi Mushroom"
233,Chia Seeds,Chia
233,Magnesium Gummies,"Magnesium, Citrus, Pectin"
233,Maca Root Capsules,Maca
233,Matcha Powder,Green Tea
234,Maca Root Capsules,Maca
234,Chia Seeds,Chia
234,Granola Clusters,"Oats, Nuts, Honey"
234,Turmeric Tea,"Turmeric, Pepper, Ginger"
235,Protein Bar,"Pea Protein, Dates, Cocoa"
235,Elderberry Syrup,"Elderberry, Honey, Ginger"
235,Chia Seeds,Chia
235,Vegan Jerky,"Soy, Spices"
236,Ashwagandha Drops,"Ashwagandha, Alcohol"
236,Flax Crackers,"Flax, Salt"
236,Turmeric Tea,"Turmeric, Pepper, Ginger"
237,Flax Crackers,"Flax, Salt"
237,Protein Bar,"Pea Protein, Dates, Cocoa"
237,Turmeric Tea,"Turmeric, Pepper, Ginger"
237,Apple Cider Vinegar,"Apple, Fermented"
238,Protein Bar,"Pea Protein, Dates, Cocoa"
238,Apple Cider Vinegar,"Apple, Fermented"
238,Coconut Water,Coconut
238,Reishi Coffee,"Coffee, Reishi Mushroom"
239,Apple Cider Vinegar,"Apple, Fermented"
239,Granola Clusters,"Oats, Nuts, Honey"
240,Granola Clusters,"Oats, Nuts, Honey"
240,Elderberry Syrup,"Elderberry, Honey, Ginger"
240,Flax Crackers,"Flax, Salt"
240,Reishi Coffee,"Coffee, Reishi Mushroom"
241,Magnesium Gummies,"Magnesium, Citrus, Pectin"
241,Vegan Jerky,"Soy, Spices"
241,Kombucha,"Tea, Sugar, Probiotics"
241,Chia Seeds,Chia
242,Coconut Water,Coconut
242,Vegan Jerky,"Soy, Spices"
242,Reishi Coffee,"Coffee, Reishi Mushroom"
242,Turmeric Tea,"Turmeric, Pepper, Ginger"
242,Apple Cider Vinegar,"Apple, Fermented"
243,Ashwagandha Drops,"Ashwagandha, Alcohol"
243,Elderberry Syrup,"Elderberry, Honey, Ginger"
243,Protein Bar,"Pea Protein, Dates, Cocoa"
244,Protein Bar,"Pea Protein, Dates, Cocoa"
244,Maca Root Capsules,Maca
245,Matcha Powder,Green Tea
245,Elderberry Syrup,"Elderberry, Honey, Ginger"
246,Apple Cider Vinegar,"Apple, Fermented"
246,Elderberry Syrup,"Elderberry, Honey, Ginger"
246,Maca Root Capsules,Maca
246,Matcha Powder,Green Tea
247,Elderberry Syrup,"Elderberry, Honey, Ginger"
247,Magnesium Gummies,"Magnesium, Citrus, Pectin"
248,Vegan Jerky,"Soy, Spices"
248,Protein Bar,"Pea Protein, Dates, Cocoa"
248,Apple Cider Vinegar,"Apple, Fermented"
248,Granola Clusters,"Oats, Nuts, Honey"
249,Maca Root Capsules,Maca
249,Kombucha,"Tea, Sugar, Probiotics"
249,Matcha Powder,Green Tea
249,Protein Bar,"Pea Protein, Dates, Cocoa"
249,Reishi Coffee,"Coffee, Reishi Mushroom"
250,Kombucha,"Tea, Sugar, Probiotics"
250,Apple Cider Vinegar,"Apple, Fermented"
250,Vegan Jerky,"Soy, Spices"
251,Coconut Water,Coconut
251,Matcha Powder,Green Tea
251,Protein Bar,"Pea Protein, Dates, Cocoa"
252,Maca Root Capsules,Maca
252,Coconut Water,Coconut
252,Kombucha,"Tea, Sugar, Probiotics"
252,Flax Crackers,"Flax, Salt"
253,Reishi Coffee,"Coffee, Reishi Mushroom"
253,Ashwagandha Drops,"Ashwagandha, Alcohol"
254,Magnesium Gummies,"Magnesium, Citrus, Pectin"
254,Turmeric Tea,"Turmeric, Pepper, Ginger"
255,Maca Root Capsules,Maca
255,Vegan Jerky,"Soy, Spices"
255,Granola Clusters,"Oats, Nuts, Honey"
255,Reishi Coffee,"Coffee, Reishi Mushroom"
256,Protein Bar,"Pea Protein, Dates, Cocoa"
256,Ashwagandha Drops,"Ashwagandha, Alcohol"
256,Maca Root Capsules,Maca
256,Reishi Coffee,"Coffee, Reishi Mushroom"
257,Vegan Jerky,"Soy, Spices"
257,Matcha Powder,Green Tea
257,Magnesium Gummies,"Magnesium, Citrus, Pectin"
258,Vegan Jerky,"Soy, Spices"
258,Ashwagandha Drops,"Ashwagandha, Alcohol"
259,Turmeric Tea,"Turmeric, Pepper, Ginger"
259,Coconut Water,Coconut
259,Maca Root Capsules,Maca
259,Granola Clusters,"Oats, Nuts, Honey"
260,Coconut Water,Coconut
260,Magnesium Gummies,"Magnesium, Citrus, Pectin"
260,Maca Root Capsules,Maca
260,Reishi Coffee,"Coffee, Reishi Mushroom"
261,Protein Bar,"Pea Protein, Dates, Cocoa"
261,Granola Clusters,"Oats, Nuts, Honey"
261,Apple Cider Vinegar,"Apple, Fermented"
261,Magnesium Gummies,"Magnesium, Citrus, Pectin"
261,Flax Crackers,"Flax, Salt"
262,Maca Root Capsules,Maca
262,Flax Crackers,"Flax, Salt"
262,Elderberry Syrup,"Elderberry, Honey, Ginger"
263,Granola Clusters,"Oats, Nuts, Honey"
263,Flax Crackers,"Flax, Salt"
263,Vegan Jerky,"Soy, Spices"
263,Kombucha,"Tea, Sugar, Probiotics"
264,Chia Seeds,Chia
264,Flax Crackers,"Flax, Salt"
264,Coconut Water,Coconut
265,Matcha Powder,Green Tea
265,Reishi Coffee,"Coffee, Reishi Mushroom"
265,Protein Bar,"Pea Protein, Dates, Cocoa"
266,Elderberry Syrup,"Elderberry, Honey, Ginger"
266,Coconut Water,Coconut
266,Maca Root Capsules,Maca
266,Apple Cider Vinegar,"Apple, Fermented"
267,Maca Root Capsules,Maca
267,Kombucha,"Tea, Sugar, Probiotics"
267,Matcha Powder,Green Tea
268,Chia Seeds,Chia
268,Kombucha,"Tea, Sugar, Probiotics"
268,Matcha Powder,Green Tea
268,Ashwagandha Drops,"Ashwagandha, Alcohol"
268,Apple Cider Vinegar,"Apple, Fermented"
269,Maca Root Capsules,Maca
269,Elderberry Syrup,"Elderberry, Honey, Ginger"
269,Flax Crackers,"Flax, Salt"
269,Apple Cider Vinegar,"Apple, Fermented"
269,Protein Bar,"Pea Protein, Dates, Cocoa"
270,Apple Cider Vinegar,"Apple, Fermented"
270,Chia Seeds,Chia
270,Maca Root Capsules,Maca
270,Reishi Coffee,"Coffee, Reishi Mushroom"
270,Flax Crackers,"Flax, Salt"
271,Magnesium Gummies,"Magnesium, Citrus, Pectin"
271,Apple Cider Vinegar,"Apple, Fermented"
271,Matcha Powder,Green Tea
271,Chia Seeds,Chia
272,Matcha Powder,Green Tea
272,Chia Seeds,Chia
272,Kombucha,"Tea, Sugar, Probiotics"
273,Matcha Powder,Green Tea
273,Vegan Jerky,"Soy, Spices"
274,Kombucha,"Tea, Sugar, Probiotics"
274,Turmeric Tea,"Turmeric, Pepper, Ginger"
274,Chia Seeds,Chia
274,Reishi Coffee,"Coffee, Reishi Mushroom"
275,Turmeric Tea,"Turmeric, Pepper, Ginger"
275,Kombucha,"Tea, Sugar, Probiotics"
276,Chia Seeds,Chia
276,Matcha Powder,Green Tea
276,Ashwagandha Drops,"Ashwagandha, Alcohol"
276,Turmeric Tea,"Turmeric, Pepper, Ginger"
277,Ashwagandha Drops,"Ashwagandha, Alcohol"
277,Reishi Coffee,"Coffee, Reishi Mushroom"
278,Maca Root Capsules,Maca
278,Matcha Powder,Green Tea
278,Apple Cider Vinegar,"Apple, Fermented"
278,Coconut Water,Coconut
279,Elderberry Syrup,"Elderberry, Honey, Ginger"
279,Ashwagandha Drops,"Ashwagandha, Alcohol"
279,Protein Bar,"Pea Protein, Dates, Cocoa"
279,Flax Crackers,"Flax, Salt"
279,Magnesium Gummies,"Magnesium, Citrus, Pectin"
280,Vegan Jerky,"Soy, Spices"
280,Elderberry Syrup,"Elderberry, Honey, Ginger"
280,Granola Clusters,"Oats, Nuts, Honey"
281,Coconut Water,Coconut
281,Reishi Coffee,"Coffee, Reishi Mushroom"
281,Kombucha,"Tea, Sugar, Probiotics"
282,Magnesium Gummies,"Magnesium, Citrus, Pectin"
282,Maca Root Capsules,Maca
282,Turmeric Tea,"Turmeric, Pepper, Ginger"
283,Elderberry Syrup,"Elderberry, Honey, Ginger"
283,Granola Clusters,"Oats, Nuts, Honey"
283,Reishi Coffee,"Coffee, Reishi Mushroom"
284,Ashwagandha Drops,"Ashwagandha, Alcohol"
284,Turmeric Tea,"Turmeric, Pepper, Ginger"
285,Elderberry Syrup,"Elderberry, Honey, Ginger"
285,Flax Crackers,"Flax, Salt"
286,Coconut Water,Coconut
286,Chia Seeds,Chia
287,Matcha Powder,Green Tea
287,Flax Crackers,"Flax, Salt"
288,Flax Crackers,"Flax, Salt"
288,Elderberry Syrup,"Elderberry, Honey, Ginger"
288,Protein Bar,"Pea Protein, Dates, Cocoa"
288,Vegan Jerky,"Soy, Spices"
288,Kombucha,"Tea, Sugar, Probiotics"
289,Coconut Water,Coconut
289,Ashwagandha Drops,"Ashwagandha, Alcohol"
290,Protein Bar,"Pea Protein, Dates, Cocoa"
290,Magnesium Gummies,"Magnesium, Citrus, Pectin"
291,Matcha Powder,Green Tea
291,Chia Seeds,Chia
291,Turmeric Tea,"Turmeric, Pepper, Ginger"
291,Ashwagandha Drops,"Ashwagandha, Alcohol"
291,Flax Crackers,"Flax, Salt"
292,Elderberry Syrup,"Elderberry, Honey, Ginger"
292,Ashwagandha Drops,"Ashwagandha, Alcohol"
292,Turmeric Tea,"Turmeric, Pepper, Ginger"
292,Reishi Coffee,"Coffee, Reishi Mushroom"
293,Protein Bar,"Pea Protein, Dates, Cocoa"
293,Flax Crackers,"Flax, Salt"
294,Kombucha,"Tea, Sugar, Probiotics"
294,Turmeric Tea,"Turmeric, Pepper, Ginger"
294,Matcha Powder,Green Tea
295,Magnesium Gummies,"Magnesium, Citrus, Pectin"
295,Maca Root Capsules,Maca
296,Coconut Water,Coconut
296,Reishi Coffee,"Coffee, Reishi Mushroom"
296,Granola Clusters,"Oats, Nuts, Honey"
296,Elderberry Syrup,"Elderberry, Honey, Ginger"
296,Kombucha,"Tea, Sugar, Probiotics"
297,Coconut Water,Coconut
297,Maca Root Capsules,Maca
297,Granola Clusters,"Oats, Nuts, Honey"
297,Kombucha,"Tea, Sugar, Probiotics"
298,Ashwagandha Drops,"Ashwagandha, Alcohol"
298,Magnesium Gummies,"Magnesium, Citrus, Pectin"
299,Reishi Coffee,"Coffee, Reishi Mushroom"
299,Kombucha,"Tea, Sugar, Probiotics"
299,Maca Root Capsules,Maca
299,Turmeric Tea,"Turmeric, Pepper, Ginger"
299,Ashwagandha Drops,"Ashwagandha, Alcohol"
300,Ashwagandha Drops,"Ashwagandha, Alcohol"
300,Matcha Powder,Green Tea
300,Magnesium Gummies,"Magnesium, Citrus, Pectin"
300,Coconut Water,Coconut
300,Reishi Coffee,"Coffee, Reishi Mushroom"
301,Reishi Coffee,"Coffee, Reishi Mushroom"
301,Apple Cider Vinegar,"Apple, Fermented"
301,Flax Crackers,"Flax, Salt"
302,Protein Bar,"Pea Protein, Dates, Cocoa"
302,Magnesium Gummies,"Magnesium, Citrus, Pectin"
302,Reishi Coffee,"Coffee, Reishi Mushroom"
302,Maca Root Capsules,Maca
303,Vegan Jerky,"Soy, Spices"
303,Chia Seeds,Chia
303,Magnesium Gummies,"Magnesium, Citrus, Pectin"
303,Flax Crackers,"Flax, Salt"
303,Protein Bar,"Pea Protein, Dates, Cocoa"
304,Apple Cider Vinegar,"Apple, Fermented"
304,Ashwagandha Drops,"Ashwagandha, Alcohol"
304,Maca Root Capsules,Maca
305,Kombucha,"Tea, Sugar, Probiotics"
305,Coconut Water,Coconut
305,Elderberry Syrup,"Elderberry, Honey, Ginger"
305,Turmeric Tea,"Turmeric, Pepper, Ginger"
306,Coconut Water,Coconut
306,Chia Seeds,Chia
306,Reishi Coffee,"Coffee, Reishi Mushroom"
306,Apple Cider Vinegar,"Apple, Fermented"
307,Granola Clusters,"Oats, Nuts, Honey"
307,Ashwagandha Drops,"Ashwagandha, Alcohol"
307,Protein Bar,"Pea Protein, Dates, Cocoa"
307,Flax Crackers,"Flax, Salt"
308,Maca Root Capsules,Maca
308,Turmeric Tea,"Turmeric, Pepper, Ginger"
309,Kombucha,"Tea, Sugar, Probiotics"
309,Coconut Water,Coconut
310,Coconut Water,Coconut
310,Reishi Coffee,"Coffee, Reishi Mushroom"
310,Flax Crackers,"Flax, Salt"
310,Kombucha,"Tea, Sugar, Probiotics"
310,Apple Cider Vinegar,"Apple, Fermented"
311,Turmeric Tea,"Turmeric, Pepper, Ginger"
311,Elderberry Syrup,"Elderberry, Honey, Ginger"
311,Kombucha,"Tea, Sugar, Probiotics"
312,Reishi Coffee,"Coffee, Reishi Mushroom"
312,Matcha Powder,Green Tea
312,Vegan Jerky,"Soy, Spices"
312,Chia Seeds,Chia
313,Flax Crackers,"Flax, Salt"
313,Ashwagandha Drops,"Ashwagandha, Alcohol"
313,Apple Cider Vinegar,"Apple, Fermented"
313,Vegan Jerky,"Soy, Spices"
314,Reishi Coffee,"Coffee, Reishi Mushroom"
314,Ashwagandha Drops,"Ashwagandha, Alcohol"
314,Matcha Powder,Green Tea
314,Chia Seeds,Chia
315,Vegan Jerky,"Soy, Spices"
315,Elderberry Syrup,"Elderberry, Honey, Ginger"
315,Coconut Water,Coconut
316,Magnesium Gummies,"Magnesium, Citrus, Pectin"
316,Chia Seeds,Chia
316,Apple Cider Vinegar,"Apple, Fermented"
316,Granola Clusters,"Oats, Nuts, Honey"
317,Reishi Coffee,"Coffee, Reishi Mushroom"
317,Elderberry Syrup,"Elderberry, Honey, Ginger"
317,Granola Clusters,"Oats, Nuts, Honey"
317,Flax Crackers,"Flax, Salt"
318,Kombucha,"Tea, Sugar, Probiotics"
318,Chia Seeds,Chia
318,Elderberry Syrup,"Elderberry, Honey, Ginger"
319,Matcha Powder,Green Tea
319,Flax Crackers,"Flax, Salt"
319,Kombucha,"Tea, Sugar, Probiotics"
320,Turmeric Tea,"Turmeric, Pepper, Ginger"
320,Granola Clusters,"Oats, Nuts, Honey"
320,Magnesium Gummies,"Magnesium, Citrus, Pectin"
320,Elderberry Syrup,"Elderberry, Honey, Ginger"
320,Matcha Powder,Green Tea
321,Vegan Jerky,"Soy, Spices"
321,Granola Clusters,"Oats, Nuts, Honey"
321,Maca Root Capsules,Maca
321,Ashwagandha Drops,"Ashwagandha, Alcohol"
321,Matcha Powder,Green Tea
322,Magnesium Gummies,"Magnesium, Citrus, Pectin"
322,Maca Root Capsules,Maca
322,Coconut Water,Coconut
323,Maca Root Capsules,Maca
323,Turmeric Tea,"Turmeric, Pepper, Ginger"
324,Kombucha,"Tea, Sugar, Probiotics"
324,Vegan Jerky,"Soy, Spices"
325,Kombucha,"Tea, Sugar, Probiotics"
325,Elderberry Syrup,"Elderberry, Honey, Ginger"
325,Chia Seeds,Chia
325,Apple Cider Vinegar,"Apple, Fermented"
326,Granola Clusters,"Oats, Nuts, Honey"
326,Ashwagandha Drops,"Ashwagandha, Alcohol"
326,Reishi Coffee,"Coffee, Reishi Mushroom"
327,Elderberry Syrup,"Elderberry, Honey, Ginger"
327,Coconut Water,Coconut
327,Reishi Coffee,"Coffee, Reishi Mushroom"
328,Chia Seeds,Chia
328,Flax Crackers,"Flax, Salt"
328,Reishi Coffee,"Coffee, Reishi Mushroom"
328,Turmeric Tea,"Turmeric, Pepper, Ginger"
328,Maca Root Capsules,Maca
329,Granola Clusters,"Oats, Nuts, Honey"
329,Ashwagandha Drops,"Ashwagandha, Alcohol"
329,Chia Seeds,Chia
329,Matcha Powder,Green Tea
329,Vegan Jerky,"Soy, Spices"
330,Chia Seeds,Chia
330,Elderberry Syrup,"Elderberry, Honey, Ginger"
330,Granola Clusters,"Oats, Nuts, Honey"
330,Protein Bar,"Pea Protein, Dates, Cocoa"
331,Ashwagandha Drops,"Ashwagandha, Alcohol"
331,Turmeric Tea,"Turmeric, Pepper, Ginger"
331,Apple Cider Vinegar,"Apple, Fermented"
332,Ashwagandha Drops,"Ashwagandha, Alcohol"
332,Magnesium Gummies,"Magnesium, Citrus, Pectin"
332,Matcha Powder,Green Tea
332,Chia Seeds,Chia
332,Granola Clusters,"Oats, Nuts, Honey"
333,Chia Seeds,Chia
333,Maca Root Capsules,Maca
333,Reishi Coffee,"Coffee, Reishi Mushroom"
333,Elderberry Syrup,"Elderberry, Honey, Ginger"
334,Reishi Coffee,"Coffee, Reishi Mushroom"
334,Vegan Jerky,"Soy, Spices"
335,Maca Root Capsules,Maca
335,Granola Clusters,"Oats, Nuts, Honey"
335,Chia Seeds,Chia
336,Maca Root Capsules,Maca
336,Kombucha,"Tea, Sugar, Probiotics"
336,Flax Crackers,"Flax, Salt"
337,Matcha Powder,Green Tea
337,Reishi Coffee,"Coffee, Reishi Mushroom"
337,Maca Root Capsules,Maca
337,Apple Cider Vinegar,"Apple, Fermented"
338,Ashwagandha Drops,"Ashwagandha, Alcohol"
338,Reishi Coffee,"Coffee, Reishi Mushroom"
339,Kombucha,"Tea, Sugar, Probiotics"
339,Turmeric Tea,"Turmeric, Pepper, Ginger"
339,Elderberry Syrup,"Elderberry, Honey, Ginger"
340,Matcha Powder,Green Tea
340,Coconut Water,Coconut
341,Elderberry Syrup,"Elderberry, Honey, Ginger"
341,Matcha Powder,Green Tea
341,Vegan Jerky,"Soy, Spices"
342,Maca Root Capsules,Maca
342,Turmeric Tea,"Turmeric, Pepper, Ginger"
343,Protein Bar,"Pea Protein, Dates, Cocoa"
343,Chia Seeds,Chia
343,Magnesium Gummies,"Magnesium, Citrus, Pectin"
344,Chia Seeds,Chia
344,Elderberry Syrup,"Elderberry, Honey, Ginger"
344,Matcha Powder,Green Tea
344,Flax Crackers,"Flax, Salt"
345,Granola Clusters,"Oats, Nuts, Honey"
345,Ashwagandha Drops,"Ashwagandha, Alcohol"
345,Vegan Jerky,"Soy, Spices"
345,Matcha Powder,Green Tea
345,Magnesium Gummies,"Magnesium, Citrus, Pectin"
346,Magnesium Gummies,"Magnesium, Citrus, Pectin"
346,Protein Bar,"Pea Protein, Dates, Cocoa"
346,Matcha Powder,Green Tea
346,Turmeric Tea,"Turmeric, Pepper, Ginger"
346,Coconut Water,Coconut
347,Coconut Water,Coconut
347,Protein Bar,"Pea Protein, Dates, Cocoa"
348,Apple Cider Vinegar,"Apple, Fermented"
348,Elderberry Syrup,"Elderberry, Honey, Ginger"
348,Matcha Powder,Green Tea
348,Turmeric Tea,"Turmeric, Pepper, Ginger"
348,Granola Clusters,"Oats, Nuts, Honey"
349,Matcha Powder,Green Tea
349,Vegan Jerky,"Soy, Spices"
350,Maca Root Capsules,Maca
350,Chia Seeds,Chia
351,Kombucha,"Tea, Sugar, Probiotics"
351,Coconut Water,Coconut
352,Protein Bar,"Pea Protein, Dates, Cocoa"
352,Chia Seeds,Chia
352,Turmeric Tea,"Turmeric, Pepper, Ginger"
352,Vegan Jerky,"Soy, Spices"
353,Flax Crackers,"Flax, Salt"
353,Protein Bar,"Pea Protein, Dates, Cocoa"
354,Ashwagandha Drops,"Ashwagandha, Alcohol"
354,Apple Cider Vinegar,"Apple, Fermented"
354,Elderberry Syrup,"Elderberry, Honey, Ginger"
354,Matcha Powder,Green Tea
354,Chia Seeds,Chia
355,Coconut Water,Coconut
355,Matcha Powder,Green Tea
355,Elderberry Syrup,"Elderberry, Honey, Ginger"
356,Flax Crackers,"Flax, Salt"
356,Granola Clusters,"Oats, Nuts, Honey"
356,Chia Seeds,Chia
357,Maca Root Capsules,Maca
357,Elderberry Syrup,"Elderberry, Honey, Ginger"
357,Vegan Jerky,"Soy, Spices"
357,Matcha Powder,Green Tea
357,Granola Clusters,"Oats, Nuts, Honey"
358,Turmeric Tea,"Turmeric, Pepper, Ginger"
358,Vegan Jerky,"Soy, Spices"
358,Kombucha,"Tea, Sugar, Probiotics"
359,Ashwagandha Drops,"Ashwagandha, Alcohol"
359,Magnesium Gummies,"Magnesium, Citrus, Pectin"
359,Elderberry Syrup,"Elderberry, Honey, Ginger"
359,Matcha Powder,Green Tea
359,Granola Clusters,"Oats, Nuts, Honey"
360,Matcha Powder,Green Tea
360,Kombucha,"Tea, Sugar, Probiotics"
360,Turmeric Tea,"Turmeric, Pepper, Ginger"
360,Ashwagandha Drops,"Ashwagandha, Alcohol"
360,Elderberry Syrup,"Elderberry, Honey, Ginger"
361,Elderberry Syrup,"Elderberry, Honey, Ginger"
361,Ashwagandha Drops,"Ashwagandha, Alcohol"
361,Maca Root Capsules,Maca
362,Apple Cider Vinegar,"Apple, Fermented"
362,Matcha Powder,Green Tea
362,Magnesium Gummies,"Magnesium, Citrus, Pectin"
362,Kombucha,"Tea, Sugar, Probiotics"
362,Elderberry Syrup,"Elderberry, Honey, Ginger"
363,Elderberry Syrup,"Elderberry, Honey, Ginger"
363,Vegan Jerky,"Soy, Spices"
363,Granola Clusters,"Oats, Nuts, Honey"
363,Magnesium Gummies,"Magnesium, Citrus, Pectin"
363,Protein Bar,"Pea Protein, Dates, Cocoa"
364,Chia Seeds,Chia
364,Ashwagandha Drops,"Ashwagandha, Alcohol"
364,Kombucha,"Tea, Sugar, Probiotics"
365,Flax Crackers,"Flax, Salt"
365,Magnesium Gummies,"Magnesium, Citrus, Pectin"
365,Ashwagandha Drops,"Ashwagandha, Alcohol"
365,Granola Clusters,"Oats, Nuts, Honey"
366,Apple Cider Vinegar,"Apple, Fermented"
366,Reishi Coffee,"Coffee, Reishi Mushroom"
366,Magnesium Gummies,"Magnesium, Citrus, Pectin"
366,Kombucha,"Tea, Sugar, Probiotics"
367,Chia Seeds,Chia
367,Coconut Water,Coconut
367,Elderberry Syrup,"Elderberry, Honey, Ginger"
367,Flax Crackers,"Flax, Salt"
368,Magnesium Gummies,"Magnesium, Citrus, Pectin"
368,Protein Bar,"Pea Protein, Dates, Cocoa"
368,Apple Cider Vinegar,"Apple, Fermented"
369,Ashwagandha Drops,"Ashwagandha, Alcohol"
369,Flax Crackers,"Flax, Salt"
369,Magnesium Gummies,"Magnesium, Citrus, Pectin"
370,Granola Clusters,"Oats, Nuts, Honey"
370,Magnesium Gummies,"Magnesium, Citrus, Pectin"
370,Turmeric Tea,"Turmeric, Pepper, Ginger"
370,Chia Seeds,Chia
370,Flax Crackers,"Flax, Salt"
371,Matcha Powder,Green Tea
371,Elderberry Syrup,"Elderberry, Honey, Ginger"
371,Protein Bar,"Pea Protein, Dates, Cocoa"
372,Protein Bar,"Pea Protein, Dates, Cocoa"
372,Turmeric Tea,"Turmeric, Pepper, Ginger"
373,Chia Seeds,Chia
373,Kombucha,"Tea, Sugar, Probiotics"
374,Flax Crackers,"Flax, Salt"
374,Kombucha,"Tea, Sugar, Probiotics"
374,Matcha Powder,Green Tea
374,Elderberry Syrup,"Elderberry, Honey, Ginger"
374,Ashwagandha Drops,"Ashwagandha, Alcohol"
375,Coconut Water,Coconut
375,Reishi Coffee,"Coffee, Reishi Mushroom"
375,Vegan Jerky,"Soy, Spices"
375,Turmeric Tea,"Turmeric, Pepper, Ginger"
375,Magnesium Gummies,"Magnesium, Citrus, Pectin"
376,Elderberry Syrup,"Elderberry, Honey, Ginger"
376,Maca Root Capsules,Maca
376,Magnesium Gummies,"Magnesium, Citrus, Pectin"
376,Flax Crackers,"Flax, Salt"
376,Kombucha,"Tea, Sugar, Probiotics"
377,Turmeric Tea,"Turmeric, Pepper, Ginger"
377,Flax Crackers,"Flax, Salt"
377,Ashwagandha Drops,"Ashwagandha, Alcohol"
377,Matcha Powder,Green Tea
378,Chia Seeds,Chia
378,Coconut Water,Coconut
378,Protein Bar,"Pea Protein, Dates, Cocoa"
378,Flax Crackers,"Flax, Salt"
378,Turmeric Tea,"Turmeric, Pepper, Ginger"
379,Flax Crackers,"Flax, Salt"
379,Chia Seeds,Chia
379,Apple Cider Vinegar,"Apple, Fermented"
379,Kombucha,"Tea, Sugar, Probiotics"
379,Vegan Jerky,"Soy, Spices"
380,Reishi Coffee,"Coffee, Reishi Mushroom"
380,Granola Clusters,"Oats, Nuts, Honey"
381,Kombucha,"Tea, Sugar, Probiotics"
381,Granola Clusters,"Oats, Nuts, Honey"
382,Maca Root Capsules,Maca
382,Chia Seeds,Chia
383,Elderberry Syrup,"Elderberry, Honey, Ginger"
383,Turmeric Tea,"Turmeric, Pepper, Ginger"
384,Apple Cider Vinegar,"Apple, Fermented"
384,Turmeric Tea,"Turmeric, Pepper, Ginger"
384,Reishi Coffee,"Coffee, Reishi Mushroom"
385,Protein Bar,"Pea Protein, Dates, Cocoa"
385,Elderberry Syrup,"Elderberry, Honey, Ginger"
385,Turmeric Tea,"Turmeric, Pepper, Ginger"
386,Coconut Water,Coconut
386,Protein Bar,"Pea Protein, Dates, Cocoa"
386,Magnesium Gummies,"Magnesium, Citrus, Pectin"
387,Elderberry Syrup,"Elderberry, Honey, Ginger"
387,Flax Crackers,"Flax, Salt"
387,Turmeric Tea,"Turmeric, Pepper, Ginger"
387,Vegan Jerky,"Soy, Spices"
387,Ashwagandha Drops,"Ashwagandha, Alcohol"
388,Chia Seeds,Chia
388,Granola Clusters,"Oats, Nuts, Honey"
388,Elderberry Syrup,"Elderberry, Honey, Ginger"
389,Matcha Powder,Green Tea
389,Turmeric Tea,"Turmeric, Pepper, Ginger"
389,Flax Crackers,"Flax, Salt"
389,Vegan Jerky,"Soy, Spices"
390,Granola Clusters,"Oats, Nuts, Honey"
390,Matcha Powder,Green Tea
390,Ashwagandha Drops,"Ashwagandha, Alcohol"
390,Elderberry Syrup,"Elderberry, Honey, Ginger"
390,Flax Crackers,"Flax, Salt"
391,Ashwagandha Drops,"Ashwagandha, Alcohol"
391,Reishi Coffee,"Coffee, Reishi Mushroom"
391,Magnesium Gummies,"Magnesium, Citrus, Pectin"
391,Apple Cider Vinegar,"Apple, Fermented"
392,Reishi Coffee,"Coffee, Reishi Mushroom"
392,Protein Bar,"Pea Protein, Dates, Cocoa"
393,Magnesium Gummies,"Magnesium, Citrus, Pectin"
393,Turmeric Tea,"Turmeric, Pepper, Ginger"
393,Chia Seeds,Chia
393,Protein Bar,"Pea Protein, Dates, Cocoa"
393,Ashwagandha Drops,"Ashwagandha, Alcohol"
394,Matcha Powder,Green Tea
394,Flax Crackers,"Flax, Salt"
394,Chia Seeds,Chia
394,Kombucha,"Tea, Sugar, Probiotics"
395,Coconut Water,Coconut
395,Ashwagandha Drops,"Ashwagandha, Alcohol"
395,Protein Bar,"Pea Protein, Dates, Cocoa"
395,Matcha Powder,Green Tea
395,Granola Clusters,"Oats, Nuts, Honey"
396,Turmeric Tea,"Turmeric, Pepper, Ginger"
396,Chia Seeds,Chia
396,Magnesium Gummies,"Magnesium, Citrus, Pectin"
396,Maca Root Capsules,Maca
396,Protein Bar,"Pea Protein, Dates, Cocoa"
397,Granola Clusters,"Oats, Nuts, Honey"
397,Turmeric Tea,"Turmeric, Pepper, Ginger"
397,Vegan Jerky,"Soy, Spices"
398,Reishi Coffee,"Coffee, Reishi Mushroom"
398,Granola Clusters,"Oats, Nuts, Honey"
398,Flax Crackers,"Flax, Salt"
399,Magnesium Gummies,"Magnesium, Citrus, Pectin"
399,Flax Crackers,"Flax, Salt"
399,Matcha Powder,Green Tea
399,Kombucha,"Tea, Sugar, Probiotics"
399,Apple Cider Vinegar,"Apple, Fermented"
400,Elderberry Syrup,"Elderberry, Honey, Ginger"
400,Maca Root Capsules,Maca
400,Matcha Powder,Green Tea
400,Kombucha,"Tea, Sugar, Probiotics"
