OrderID,ProductType,Region,DeviceType,DayOfWeek,UnitsOrdered,PricePerUnit,TotalSpend
1,Wand Satchel,Shadow Isles,Mobile,Saturday,3,101.39,304.17
2,Rune Earrings,Shadow Isles,Mobile,Wednesday,4,147.97,591.88
3,Enchanted Boots,Shadow Isles,Desktop,Thursday,2,70.1,140.2
4,Rune Earrings,Shadow Isles,Desktop,Thursday,4,119.11,476.44
5,Rune Earrings,Shadow Isles,Mobile,Monday,5,87.5,437.5
6,Moonlight Gown,Northern Realms,Tablet,Tuesday,2,40.98,81.96
7,Enchanted Boots,Shadow Isles,Mobile,Sunday,2,97.78,195.56
8,Enchanted Boots,Northern Realms,Mobile,Friday,3,62.48,187.44
9,Enchanted Boots,Shadow Isles,Desktop,Friday,3,29.3,87.9
10,Rune Earrings,Sky Cities,Desktop,Monday,2,104.37,208.74
11,Wand Satchel,Elven Glade,Desktop,Saturday,5,132.37,661.85
12,Enchanted Boots,Northern Realms,Desktop,Tuesday,2,68.1,136.2
13,Rune Earrings,Shadow Isles,Mobile,Wednesday,3,73.79,221.37
14,Moonlight Gown,Sky Cities,Desktop,Saturday,4,136.38,545.52
15,Wand Satchel,Elven Glade,Mobile,Saturday,3,126.7,380.1
16,Moonlight Gown,Northern Realms,Desktop,Monday,2,114.37,228.74
17,Wand Satchel,Elven Glade,Mobile,Monday,3,56.1,168.3
18,Rune Earrings,Sky Cities,Desktop,Friday,2,138.78,277.56
19,Crystal Cloak,Northern Realms,Mobile,Monday,5,44.3,221.5
20,Wand Satchel,Elven Glade,Desktop,Monday,4,103.35,413.4
21,Moonlight Gown,Shadow Isles,Mobile,Monday,1,28.6,28.6
22,Rune Earrings,Northern Realms,Desktop,Friday,4,105.46,421.84
23,Wand Satchel,Elven Glade,Mobile,Wednesday,3,59.64,178.92
24,Crystal Cloak,Sky Cities,Mobile,Wednesday,3,81.21,243.63
25,Crystal Cloak,Sky Cities,Mobile,Sunday,1,68.16,68.16
26,Enchanted Boots,Northern Realms,Mobile,Sunday,3,46.59,139.77
27,Enchanted Boots,Elven Glade,Desktop,Monday,3,102.75,308.25
28,Moonlight Gown,Northern Realms,Mobile,Sunday,3,135.25,405.75
29,Wand Satchel,Northern Realms,Tablet,Friday,4,144.89,579.56
30,Wand Satchel,Elven Glade,Mobile,Wednesday,3,49.04,147.12
31,Enchanted Boots,Elven Glade,Mobile,Saturday,2,114.67,229.34
32,Wand Satchel,Shadow Isles,Desktop,Wednesday,2,108.04,216.08
33,Wand Satchel,Elven Glade,Desktop,Wednesday,1,67.92,67.92
34,Crystal Cloak,Sky Cities,Mobile,Friday,3,27.39,82.17
35,Enchanted Boots,Northern Realms,Mobile,Sunday,1,111.22,111.22
36,Rune Earrings,Northern Realms,Desktop,Saturday,2,143.19,286.38
37,Enchanted Boots,Sky Cities,Mobile,Friday,2,104.02,208.04
38,Rune Earrings,Elven Glade,Tablet,Monday,1,79.41,79.41
39,Crystal Cloak,Sky Cities,Tablet,Thursday,4,90.64,362.56
40,Moonlight Gown,Sky Cities,Desktop,Wednesday,3,49.95,149.85
41,Wand Satchel,Shadow Isles,Mobile,Thursday,3,118.82,356.46
42,Crystal Cloak,Sky Cities,Desktop,Friday,2,118.3,236.6
43,Wand Satchel,Northern Realms,Mobile,Friday,4,43.19,172.76
44,Moonlight Gown,Sky Cities,Mobile,Friday,4,134.75,539.0
45,Moonlight Gown,Northern Realms,Mobile,Thursday,3,58.65,175.95
46,Crystal Cloak,Northern Realms,Mobile,Friday,2,147.78,295.56
47,Moonlight Gown,Northern Realms,Desktop,Monday,5,72.86,364.3
48,Rune Earrings,Elven Glade,Desktop,Friday,4,47.24,188.96
49,Moonlight Gown,Shadow Isles,Desktop,Tuesday,3,68.97,206.91
50,Wand Satchel,Northern Realms,Mobile,Sunday,6,80.02,480.12
51,Wand Satchel,Northern Realms,Mobile,Thursday,2,33.66,67.32
52,Wand Satchel,Elven Glade,Mobile,Tuesday,1,97.28,97.28
53,Wand Satchel,Northern Realms,Tablet,Friday,2,99.7,199.4
54,Rune Earrings,Sky Cities,Mobile,Monday,5,117.37,586.85
55,Enchanted Boots,Sky Cities,Desktop,Wednesday,2,28.65,57.3
56,Crystal Cloak,Shadow Isles,Mobile,Saturday,1,92.65,92.65
57,Wand Satchel,Northern Realms,Mobile,Sunday,3,31.61,94.83
58,Moonlight Gown,Elven Glade,Desktop,Saturday,2,112.64,225.28
59,Wand Satchel,Sky Cities,Mobile,Friday,4,31.97,127.88
60,Moonlight Gown,Elven Glade,Desktop,Sunday,5,138.97,694.85
61,Moonlight Gown,Elven Glade,Tablet,Sunday,3,112.76,338.28
62,Wand Satchel,Sky Cities,Mobile,Monday,3,88.42,265.26
63,Rune Earrings,Elven Glade,Mobile,Sunday,4,80.19,320.76
64,Moonlight Gown,Sky Cities,Mobile,Thursday,2,41.33,82.66
65,Moonlight Gown,Elven Glade,Tablet,Tuesday,2,61.37,122.74
66,Wand Satchel,Sky Cities,Mobile,Tuesday,5,133.62,668.1
67,Moonlight Gown,Northern Realms,Desktop,Tuesday,2,138.06,276.12
68,Moonlight Gown,Shadow Isles,Desktop,Thursday,2,25.09,50.18
69,Wand Satchel,Sky Cities,Desktop,Saturday,2,99.27,198.54
70,Wand Satchel,Sky Cities,Mobile,Monday,4,114.91,459.64
71,Crystal Cloak,Shadow Isles,Desktop,Sunday,4,102.34,409.36
72,Rune Earrings,Sky Cities,Tablet,Thursday,4,35.21,140.84
73,Rune Earrings,Sky Cities,Mobile,Tuesday,2,52.22,104.44
74,Moonlight Gown,Elven Glade,Mobile,Friday,1,56.29,56.29
75,Rune Earrings,Shadow Isles,Tablet,Wednesday,2,128.97,257.94
76,Moonlight Gown,Northern Realms,Mobile,Sunday,3,82.9,248.7
77,Crystal Cloak,Sky Cities,Desktop,Thursday,2,85.85,171.7
78,Wand Satchel,Shadow Isles,Mobile,Thursday,4,141.86,567.44
79,Wand Satchel,Elven Glade,Mobile,Monday,4,104.64,418.56
80,Wand Satchel,Northern Realms,Desktop,Monday,4,137.33,549.32
81,Rune Earrings,Shadow Isles,Mobile,Thursday,3,82.06,246.18
82,Crystal Cloak,Northern Realms,Mobile,Tuesday,3,43.68,131.04
83,Rune Earrings,Northern Realms,Mobile,Wednesday,2,141.24,282.48
84,Rune Earrings,Northern Realms,Mobile,Sunday,5,82.34,411.7
85,Crystal Cloak,Sky Cities,Mobile,Monday,3,47.7,143.1
86,Crystal Cloak,Sky Cities,Mobile,Sunday,3,62.8,188.4
87,Crystal Cloak,Elven Glade,Tablet,Tuesday,3,31.35,94.05
88,Crystal Cloak,Elven Glade,Mobile,Sunday,2,83.54,167.08
89,Wand Satchel,Shadow Isles,Desktop,Friday,2,131.64,263.28
90,Enchanted Boots,Elven Glade,Mobile,Monday,1,141.7,141.7
91,Enchanted Boots,Northern Realms,Desktop,Tuesday,4,141.58,566.32
92,Crystal Cloak,Northern Realms,Mobile,Tuesday,3,40.65,121.95
93,Enchanted Boots,Sky Cities,Tablet,Wednesday,3,72.76,218.28
94,Enchanted Boots,Northern Realms,Mobile,Wednesday,3,28.53,85.59
95,Crystal Cloak,Shadow Isles,Mobile,Friday,3,131.9,395.7
96,Enchanted Boots,Northern Realms,Mobile,Tuesday,4,69.84,279.36
97,Rune Earrings,Northern Realms,Mobile,Saturday,3,103.89,311.67
98,Moonlight Gown,Shadow Isles,Mobile,Tuesday,4,114.36,457.44
99,Moonlight Gown,Elven Glade,Mobile,Wednesday,6,78.73,472.38
100,Crystal Cloak,Elven Glade,Desktop,Saturday,2,63.31,126.62
101,Wand Satchel,Shadow Isles,Mobile,Monday,4,145.28,581.12
102,Crystal Cloak,Sky Cities,Mobile,Monday,2,145.56,291.12
103,Wand Satchel,Northern Realms,Desktop,Sunday,3,61.18,183.54
104,Moonlight Gown,Shadow Isles,Desktop,Thursday,1,84.95,84.95
105,Crystal Cloak,Northern Realms,Mobile,Wednesday,2,146.61,293.22
106,Rune Earrings,Sky Cities,Mobile,Thursday,2,25.61,51.22
107,Enchanted Boots,Northern Realms,Mobile,Saturday,3,76.58,229.74
108,Wand Satchel,Shadow Isles,Desktop,Wednesday,7,37.56,262.92
109,Enchanted Boots,Northern Realms,Desktop,Friday,2,88.64,177.28
110,Enchanted Boots,Elven Glade,Mobile,Tuesday,4,28.08,112.32
111,Crystal Cloak,Sky Cities,Desktop,Friday,2,75.86,151.72
112,Enchanted Boots,Sky Cities,Desktop,Saturday,4,52.59,210.36
113,Rune Earrings,Sky Cities,Mobile,Wednesday,4,91.66,366.64
114,Enchanted Boots,Shadow Isles,Desktop,Saturday,2,149.5,299.0
115,Crystal Cloak,Sky Cities,Mobile,Tuesday,2,125.07,250.14
116,Rune Earrings,Elven Glade,Mobile,Monday,4,130.71,522.84
117,Moonlight Gown,Shadow Isles,Mobile,Monday,4,104.41,417.64
118,Enchanted Boots,Elven Glade,Mobile,Saturday,1,30.19,30.19
119,Crystal Cloak,Northern Realms,Mobile,Thursday,3,50.85,152.55
120,Moonlight Gown,Northern Realms,Tablet,Wednesday,4,140.63,562.52
121,Moonlight Gown,Northern Realms,Mobile,Wednesday,5,70.76,353.8
122,Wand Satchel,Northern Realms,Mobile,Monday,3,37.95,113.85
123,Rune Earrings,Elven Glade,Mobile,Sunday,3,112.8,338.4
124,Enchanted Boots,Shadow Isles,Tablet,Friday,3,62.43,187.29
125,Crystal Cloak,Shadow Isles,Mobile,Sunday,2,58.61,117.22
126,Wand Satchel,Sky Cities,Mobile,Tuesday,2,149.75,299.5
127,Rune Earrings,Elven Glade,Mobile,Friday,2,132.27,264.54
128,Wand Satchel,Northern Realms,Mobile,Friday,5,75.99,379.95
129,Rune Earrings,Elven Glade,Tablet,Saturday,5,147.53,737.65
130,Rune Earrings,Sky Cities,Tablet,Monday,3,106.26,318.78
131,Enchanted Boots,Sky Cities,Mobile,Sunday,1,117.75,117.75
132,Rune Earrings,Elven Glade,Tablet,Sunday,5,28.94,144.7
133,Wand Satchel,Elven Glade,Desktop,Monday,3,40.2,120.6
134,Rune Earrings,Elven Glade,Desktop,Sunday,8,104.14,833.12
135,Enchanted Boots,Shadow Isles,Mobile,Monday,3,137.38,412.14
136,Enchanted Boots,Northern Realms,Mobile,Saturday,6,102.97,617.82
137,Wand Satchel,Elven Glade,Mobile,Thursday,3,41.75,125.25
138,Moonlight Gown,Elven Glade,Desktop,Friday,3,39.47,118.41
139,Moonlight Gown,Elven Glade,Mobile,Saturday,4,130.52,522.08
140,Rune Earrings,Sky Cities,Mobile,Wednesday,3,42.41,127.23
141,Crystal Cloak,Sky Cities,Mobile,Tuesday,2,90.03,180.06
142,Rune Earrings,Shadow Isles,Desktop,Thursday,1,29.64,29.64
143,Wand Satchel,Northern Realms,Mobile,Wednesday,2,35.08,70.16
144,Wand Satchel,Shadow Isles,Desktop,Friday,6,109.04,654.24
145,Wand Satchel,Northern Realms,Tablet,Sunday,4,111.15,444.6
146,Wand Satchel,Sky Cities,Mobile,Monday,2,67.68,135.36
147,Wand Satchel,Sky Cities,Desktop,Friday,4,51.95,207.8
148,Enchanted Boots,Sky Cities,Mobile,Saturday,2,126.71,253.42
149,Moonlight Gown,Shadow Isles,Desktop,Tuesday,3,52.14,156.42
150,Wand Satchel,Elven Glade,Mobile,Saturday,5,92.75,463.75
151,Crystal Cloak,Elven Glade,Desktop,Thursday,1,146.03,146.03
152,Crystal Cloak,Sky Cities,Desktop,Thursday,1,43.48,43.48
153,Crystal Cloak,Elven Glade,Tablet,Tuesday,4,142.61,570.44
154,Crystal Cloak,Elven Glade,Desktop,Wednesday,4,47.86,191.44
155,Enchanted Boots,Shadow Isles,Mobile,Wednesday,3,95.93,287.79
156,Crystal Cloak,Northern Realms,Desktop,Thursday,3,72.13,216.39
157,Wand Satchel,Sky Cities,Desktop,Thursday,2,145.62,291.24
158,Rune Earrings,Sky Cities,Mobile,Sunday,5,59.19,295.95
159,Crystal Cloak,Shadow Isles,Mobile,Monday,3,74.96,224.88
160,Enchanted Boots,Shadow Isles,Tablet,Sunday,4,147.86,591.44
161,Enchanted Boots,Elven Glade,Desktop,Sunday,6,92.06,552.36
162,Crystal Cloak,Sky Cities,Desktop,Wednesday,2,87.83,175.66
163,Rune Earrings,Northern Realms,Mobile,Tuesday,4,57.22,228.88
164,Crystal Cloak,Shadow Isles,Desktop,Wednesday,5,112.67,563.35
165,Enchanted Boots,Northern Realms,Mobile,Monday,4,26.8,107.2
166,Moonlight Gown,Northern Realms,Desktop,Saturday,3,31.19,93.57
167,Wand Satchel,Sky Cities,Mobile,Thursday,7,99.92,699.44
168,Enchanted Boots,Sky Cities,Desktop,Thursday,2,67.71,135.42
169,Crystal Cloak,Shadow Isles,Tablet,Monday,2,144.16,288.32
170,Wand Satchel,Sky Cities,Mobile,Sunday,6,137.9,827.4
171,Crystal Cloak,Sky Cities,Tablet,Tuesday,2,114.21,228.42
172,Crystal Cloak,Sky Cities,Mobile,Thursday,4,127.27,509.08
173,Moonlight Gown,Northern Realms,Desktop,Friday,1,108.42,108.42
174,Wand Satchel,Shadow Isles,Desktop,Sunday,10,40.7,407.0
175,Wand Satchel,Elven Glade,Mobile,Thursday,3,120.69,362.07
176,Moonlight Gown,Northern Realms,Desktop,Friday,5,51.27,256.35
177,Enchanted Boots,Sky Cities,Desktop,Monday,1,65.43,65.43
178,Crystal Cloak,Northern Realms,Mobile,Monday,1,127.4,127.4
179,Rune Earrings,Sky Cities,Mobile,Sunday,2,92.07,184.14
180,Crystal Cloak,Sky Cities,Desktop,Thursday,1,132.49,132.49
181,Crystal Cloak,Northern Realms,Desktop,Wednesday,4,51.63,206.52
182,Enchanted Boots,Shadow Isles,Desktop,Friday,2,100.97,201.94
183,Crystal Cloak,Sky Cities,Desktop,Tuesday,4,35.47,141.88
184,Moonlight Gown,Shadow Isles,Mobile,Thursday,1,105.38,105.38
185,Moonlight Gown,Elven Glade,Desktop,Tuesday,4,120.32,481.28
186,Wand Satchel,Sky Cities,Mobile,Thursday,4,98.12,392.48
187,Rune Earrings,Shadow Isles,Mobile,Wednesday,4,58.28,233.12
188,Crystal Cloak,Shadow Isles,Mobile,Wednesday,4,28.92,115.68
189,Crystal Cloak,Elven Glade,Mobile,Sunday,6,39.93,239.58
190,Enchanted Boots,Shadow Isles,Mobile,Sunday,1,102.79,102.79
191,Moonlight Gown,Shadow Isles,Mobile,Wednesday,3,141.8,425.4
192,Rune Earrings,Elven Glade,Desktop,Saturday,3,50.82,152.46
193,Wand Satchel,Sky Cities,Mobile,Wednesday,5,116.88,584.4
194,Moonlight Gown,Shadow Isles,Mobile,Monday,1,133.31,133.31
195,Wand Satchel,Shadow Isles,Mobile,Monday,4,90.11,360.44
196,Enchanted Boots,Shadow Isles,Mobile,Saturday,2,108.66,217.32
197,Enchanted Boots,Northern Realms,Mobile,Friday,2,126.88,253.76
198,Crystal Cloak,Elven Glade,Mobile,Tuesday,7,57.58,403.06
199,Rune Earrings,Northern Realms,Desktop,Thursday,3,62.11,186.33
200,Wand Satchel,Elven Glade,Desktop,Thursday,2,25.08,50.16
201,Moonlight Gown,Sky Cities,Desktop,Saturday,3,145.39,436.17
202,Enchanted Boots,Sky Cities,Mobile,Monday,3,139.69,419.07
203,Crystal Cloak,Shadow Isles,Mobile,Sunday,3,120.57,361.71
204,Crystal Cloak,Elven Glade,Desktop,Thursday,4,34.88,139.52
205,Wand Satchel,Sky Cities,Mobile,Monday,3,80.94,242.82
206,Enchanted Boots,Elven Glade,Mobile,Friday,2,37.74,75.48
207,Rune Earrings,Sky Cities,Mobile,Tuesday,6,26.99,161.94
208,Enchanted Boots,Northern Realms,Mobile,Friday,3,102.02,306.06
209,Wand Satchel,Sky Cities,Mobile,Saturday,4,145.1,580.4
210,Wand Satchel,Northern Realms,Mobile,Wednesday,3,137.86,413.58
211,Enchanted Boots,Sky Cities,Mobile,Wednesday,2,112.09,224.18
212,Wand Satchel,Shadow Isles,Mobile,Wednesday,2,37.08,74.16
213,Enchanted Boots,Northern Realms,Desktop,Friday,4,59.27,237.08
214,Moonlight Gown,Sky Cities,Desktop,Thursday,1,65.01,65.01
215,Enchanted Boots,Shadow Isles,Desktop,Tuesday,1,120.39,120.39
216,Enchanted Boots,Northern Realms,Desktop,Wednesday,2,125.28,250.56
217,Wand Satchel,Shadow Isles,Tablet,Saturday,3,73.14,219.42
218,Wand Satchel,Elven Glade,Mobile,Saturday,3,77.24,231.72
219,Crystal Cloak,Elven Glade,Mobile,Wednesday,3,30.56,91.68
220,Crystal Cloak,Northern Realms,Mobile,Wednesday,3,61.14,183.42
221,Moonlight Gown,Sky Cities,Desktop,Tuesday,3,81.41,244.23
222,Crystal Cloak,Northern Realms,Desktop,Wednesday,4,39.62,158.48
223,Enchanted Boots,Shadow Isles,Mobile,Tuesday,3,81.66,244.98
224,Wand Satchel,Sky Cities,Tablet,Saturday,2,131.65,263.3
225,Crystal Cloak,Elven Glade,Mobile,Wednesday,3,97.67,293.01
226,Crystal Cloak,Sky Cities,Tablet,Friday,4,34.87,139.48
227,Moonlight Gown,Elven Glade,Mobile,Sunday,2,48.96,97.92
228,Moonlight Gown,Sky Cities,Mobile,Friday,4,84.32,337.28
229,Enchanted Boots,Sky Cities,Mobile,Saturday,2,70.19,140.38
230,Wand Satchel,Sky Cities,Mobile,Tuesday,1,69.84,69.84
231,Moonlight Gown,Shadow Isles,Mobile,Friday,4,91.16,364.64
232,Crystal Cloak,Shadow Isles,Mobile,Tuesday,4,98.05,392.2
233,Wand Satchel,Northern Realms,Desktop,Friday,3,124.61,373.83
234,Wand Satchel,Northern Realms,Mobile,Friday,2,67.62,135.24
235,Crystal Cloak,Elven Glade,Mobile,Tuesday,4,125.68,502.72
236,Moonlight Gown,Shadow Isles,Desktop,Thursday,6,67.33,403.98
237,Crystal Cloak,Elven Glade,Desktop,Friday,5,31.93,159.65
238,Wand Satchel,Northern Realms,Mobile,Wednesday,1,94.27,94.27
239,Rune Earrings,Elven Glade,Mobile,Sunday,3,98.49,295.47
240,Rune Earrings,Northern Realms,Mobile,Saturday,4,141.82,567.28
241,Enchanted Boots,Shadow Isles,Mobile,Thursday,3,115.76,347.28
242,Crystal Cloak,Sky Cities,Desktop,Tuesday,5,139.72,698.6
243,Crystal Cloak,Shadow Isles,Mobile,Thursday,5,138.54,692.7
244,Enchanted Boots,Elven Glade,Mobile,Monday,2,100.57,201.14
245,Enchanted Boots,Elven Glade,Desktop,Monday,5,90.97,454.85
246,Enchanted Boots,Shadow Isles,Mobile,Friday,1,94.68,94.68
247,Wand Satchel,Shadow Isles,Mobile,Friday,2,147.29,294.58
248,Crystal Cloak,Northern Realms,Mobile,Wednesday,3,121.65,364.95
249,Wand Satchel,Elven Glade,Tablet,Sunday,2,38.28,76.56
250,Enchanted Boots,Elven Glade,Mobile,Saturday,7,122.3,856.1
251,Crystal Cloak,Shadow Isles,Desktop,Thursday,5,46.32,231.6
252,Wand Satchel,Sky Cities,Mobile,Monday,5,80.92,404.6
253,Wand Satchel,Elven Glade,Mobile,Friday,3,51.31,153.93
254,Enchanted Boots,Sky Cities,Desktop,Saturday,3,111.2,333.6
255,Crystal Cloak,Shadow Isles,Tablet,Thursday,3,134.66,403.98
256,Enchanted Boots,Shadow Isles,Desktop,Friday,6,61.3,367.8
257,Crystal Cloak,Northern Realms,Desktop,Friday,3,35.25,105.75
258,Rune Earrings,Elven Glade,Desktop,Monday,4,62.31,249.24
259,Moonlight Gown,Sky Cities,Mobile,Monday,4,109.05,436.2
260,Moonlight Gown,Northern Realms,Mobile,Friday,1,66.1,66.1
261,Moonlight Gown,Elven Glade,Desktop,Tuesday,3,59.76,179.28
262,Enchanted Boots,Northern Realms,Mobile,Friday,5,48.05,240.25
263,Rune Earrings,Shadow Isles,Desktop,Saturday,3,87.19,261.57
264,Crystal Cloak,Elven Glade,Tablet,Friday,1,59.49,59.49
265,Wand Satchel,Northern Realms,Mobile,Wednesday,2,116.38,232.76
266,Crystal Cloak,Northern Realms,Mobile,Sunday,2,34.58,69.16
267,Wand Satchel,Sky Cities,Desktop,Wednesday,2,108.0,216.0
268,Crystal Cloak,Northern Realms,Mobile,Wednesday,4,54.7,218.8
269,Rune Earrings,Elven Glade,Desktop,Tuesday,3,86.16,258.48
270,Wand Satchel,Elven Glade,Mobile,Tuesday,4,60.76,243.04
271,Enchanted Boots,Sky Cities,Desktop,Friday,4,115.35,461.4
272,Crystal Cloak,Elven Glade,Mobile,Wednesday,3,143.16,429.48
273,Crystal Cloak,Shadow Isles,Desktop,Tuesday,2,139.63,279.26
274,Wand Satchel,Elven Glade,Mobile,Monday,2,97.93,195.86
275,Enchanted Boots,Elven Glade,Mobile,Friday,6,82.83,496.98
276,Enchanted Boots,Northern Realms,Mobile,Saturday,2,127.29,254.58
277,Rune Earrings,Northern Realms,Desktop,Sunday,3,110.42,331.26
278,Enchanted Boots,Elven Glade,Desktop,Thursday,3,47.95,143.85
279,Enchanted Boots,Sky Cities,Mobile,Friday,1,127.61,127.61
280,Enchanted Boots,Northern Realms,Mobile,Thursday,1,78.61,78.61
281,Moonlight Gown,Sky Cities,Mobile,Wednesday,4,48.62,194.48
282,Rune Earrings,Elven Glade,Desktop,Sunday,2,60.22,120.44
283,Crystal Cloak,Elven Glade,Desktop,Thursday,5,58.44,292.2
284,Wand Satchel,Shadow Isles,Mobile,Wednesday,5,89.9,449.5
285,Crystal Cloak,Northern Realms,Mobile,Monday,2,54.3,108.6
286,Rune Earrings,Elven Glade,Mobile,Thursday,6,40.45,242.7
287,Wand Satchel,Shadow Isles,Mobile,Sunday,2,40.46,80.92
288,Rune Earrings,Northern Realms,Mobile,Friday,1,97.91,97.91
289,Enchanted Boots,Elven Glade,Tablet,Wednesday,3,116.84,350.52
290,Wand Satchel,Elven Glade,Mobile,Friday,4,65.19,260.76
291,Enchanted Boots,Northern Realms,Desktop,Sunday,2,29.33,58.66
292,Crystal Cloak,Northern Realms,Mobile,Tuesday,2,40.9,81.8
293,Crystal Cloak,Northern Realms,Mobile,Wednesday,2,139.34,278.68
294,Wand Satchel,Elven Glade,Desktop,Thursday,4,86.69,346.76
295,Wand Satchel,Elven Glade,Desktop,Wednesday,3,81.7,245.1
296,Rune Earrings,Shadow Isles,Tablet,Friday,3,29.76,89.28
297,Rune Earrings,Sky Cities,Mobile,Monday,1,116.08,116.08
298,Enchanted Boots,Northern Realms,Mobile,Wednesday,2,91.01,182.02
299,Wand Satchel,Elven Glade,Desktop,Thursday,2,50.26,100.52
300,Crystal Cloak,Elven Glade,Mobile,Tuesday,6,38.76,232.56
301,Rune Earrings,Northern Realms,Mobile,Saturday,5,72.92,364.6
302,Rune Earrings,Sky Cities,Mobile,Monday,3,129.65,388.95
303,Crystal Cloak,Northern Realms,Mobile,Tuesday,3,133.16,399.48
304,Rune Earrings,Sky Cities,Desktop,Wednesday,1,100.36,100.36
305,Enchanted Boots,Elven Glade,Mobile,Friday,1,115.94,115.94
306,Wand Satchel,Sky Cities,Mobile,Sunday,2,39.39,78.78
307,Crystal Cloak,Shadow Isles,Mobile,Friday,3,98.52,295.56
308,Wand Satchel,Elven Glade,Mobile,Thursday,4,108.37,433.48
309,Rune Earrings,Shadow Isles,Mobile,Friday,3,50.09,150.27
310,Rune Earrings,Northern Realms,Mobile,Monday,1,135.02,135.02
311,Crystal Cloak,Northern Realms,Mobile,Friday,2,49.37,98.74
312,Enchanted Boots,Northern Realms,Desktop,Thursday,5,64.18,320.9
313,Moonlight Gown,Sky Cities,Mobile,Saturday,2,102.57,205.14
314,Crystal Cloak,Elven Glade,Mobile,Wednesday,4,104.79,419.16
315,Moonlight Gown,Northern Realms,Desktop,Sunday,1,112.42,112.42
316,Moonlight Gown,Northern Realms,Desktop,Wednesday,2,39.0,78.0
317,Enchanted Boots,Elven Glade,Mobile,Friday,4,131.18,524.72
318,Moonlight Gown,Northern Realms,Mobile,Tuesday,3,91.61,274.83
319,Moonlight Gown,Shadow Isles,Mobile,Wednesday,4,83.92,335.68
320,Enchanted Boots,Elven Glade,Desktop,Saturday,2,147.64,295.28
321,Moonlight Gown,Elven Glade,Tablet,Friday,2,117.55,235.1
322,Moonlight Gown,Elven Glade,Desktop,Sunday,3,39.75,119.25
323,Moonlight Gown,Shadow Isles,Mobile,Thursday,3,119.57,358.71
324,Crystal Cloak,Elven Glade,Desktop,Saturday,3,36.91,110.73
325,Crystal Cloak,Shadow Isles,Mobile,Friday,5,28.43,142.15
326,Crystal Cloak,Elven Glade,Mobile,Saturday,2,75.45,150.9
327,Enchanted Boots,Sky Cities,Mobile,Wednesday,3,149.2,447.6
328,Rune Earrings,Northern Realms,Tablet,Sunday,3,46.86,140.58
329,Moonlight Gown,Sky Cities,Mobile,Thursday,3,109.08,327.24
330,Moonlight Gown,Northern Realms,Desktop,Friday,3,46.67,140.01
331,Enchanted Boots,Shadow Isles,Mobile,Monday,3,115.6,346.8
332,Moonlight Gown,Sky Cities,Mobile,Thursday,3,88.17,264.51
333,Crystal Cloak,Elven Glade,Mobile,Monday,2,110.0,220.0
334,Rune Earrings,Northern Realms,Mobile,Saturday,2,50.36,100.72
335,Wand Satchel,Northern Realms,Desktop,Tuesday,4,118.2,472.8
336,Moonlight Gown,Sky Cities,Mobile,Thursday,2,149.45,298.9
337,Crystal Cloak,Shadow Isles,Desktop,Saturday,3,108.21,324.63
338,Wand Satchel,Sky Cities,Desktop,Monday,4,86.68,346.72
339,Rune Earrings,Shadow Isles,Tablet,Wednesday,4,140.4,561.6
340,Wand Satchel,Shadow Isles,Mobile,Wednesday,6,26.98,161.88
341,Crystal Cloak,Northern Realms,Mobile,Tuesday,2,116.24,232.48
342,Wand Satchel,Sky Cities,Mobile,Thursday,4,136.09,544.36
343,Enchanted Boots,Sky Cities,Tablet,Thursday,3,32.71,98.13
344,Wand Satchel,Shadow Isles,Tablet,Thursday,4,81.26,325.04
345,Moonlight Gown,Sky Cities,Mobile,Saturday,2,50.59,101.18
346,Moonlight Gown,Elven Glade,Desktop,Sunday,2,95.81,191.62
347,Enchanted Boots,Elven Glade,Mobile,Sunday,5,106.19,530.95
348,Crystal Cloak,Sky Cities,Desktop,Tuesday,1,62.83,62.83
349,Moonlight Gown,Sky Cities,Mobile,Thursday,5,82.5,412.5
350,Rune Earrings,Shadow Isles,Desktop,Saturday,3,59.92,179.76
351,Moonlight Gown,Elven Glade,Mobile,Wednesday,2,71.17,142.34
352,Moonlight Gown,Elven Glade,Desktop,Monday,1,44.94,44.94
353,Crystal Cloak,Northern Realms,Desktop,Saturday,4,135.69,542.76
354,Wand Satchel,Shadow Isles,Desktop,Sunday,2,26.25,52.5
355,Moonlight Gown,Northern Realms,Mobile,Sunday,2,135.3,270.6
356,Enchanted Boots,Elven Glade,Mobile,Wednesday,3,96.46,289.38
357,Wand Satchel,Shadow Isles,Mobile,Wednesday,1,66.46,66.46
358,Rune Earrings,Sky Cities,Mobile,Monday,6,115.38,692.28
359,Crystal Cloak,Shadow Isles,Mobile,Wednesday,4,88.47,353.88
360,Rune Earrings,Sky Cities,Tablet,Tuesday,1,87.39,87.39
361,Wand Satchel,Sky Cities,Mobile,Monday,4,38.77,155.08
362,Wand Satchel,Shadow Isles,Mobile,Wednesday,2,73.69,147.38
363,Wand Satchel,Sky Cities,Mobile,Friday,1,55.13,55.13
364,Rune Earrings,Northern Realms,Mobile,Saturday,2,26.96,53.92
365,Wand Satchel,Elven Glade,Desktop,Wednesday,2,70.01,140.02
366,Rune Earrings,Sky Cities,Mobile,Tuesday,2,36.23,72.46
367,Wand Satchel,Northern Realms,Tablet,Thursday,1,57.1,57.1
368,Enchanted Boots,Sky Cities,Mobile,Wednesday,2,36.56,73.12
369,Wand Satchel,Elven Glade,Tablet,Sunday,3,37.62,112.86
370,Rune Earrings,Northern Realms,Desktop,Sunday,5,49.88,249.4
371,Moonlight Gown,Elven Glade,Mobile,Sunday,4,149.98,599.92
372,Wand Satchel,Elven Glade,Tablet,Thursday,2,25.27,50.54
373,Moonlight Gown,Northern Realms,Mobile,Sunday,4,104.83,419.32
374,Enchanted Boots,Northern Realms,Desktop,Friday,2,42.66,85.32
375,Crystal Cloak,Northern Realms,Mobile,Wednesday,3,140.08,420.24
376,Enchanted Boots,Shadow Isles,Desktop,Sunday,3,36.7,110.1
377,Wand Satchel,Northern Realms,Desktop,Monday,3,144.38,433.14
378,Moonlight Gown,Northern Realms,Desktop,Thursday,2,101.37,202.74
379,Moonlight Gown,Northern Realms,Desktop,Friday,1,25.16,25.16
380,Rune Earrings,Northern Realms,Mobile,Monday,4,136.75,547.0
381,Moonlight Gown,Sky Cities,Mobile,Monday,2,90.21,180.42
382,Rune Earrings,Shadow Isles,Mobile,Monday,1,57.83,57.83
383,Crystal Cloak,Elven Glade,Mobile,Monday,3,120.91,362.73
384,Wand Satchel,Northern Realms,Desktop,Wednesday,1,140.83,140.83
385,Rune Earrings,Sky Cities,Mobile,Sunday,2,85.46,170.92
386,Crystal Cloak,Sky Cities,Tablet,Saturday,3,64.44,193.32
387,Moonlight Gown,Sky Cities,Desktop,Wednesday,2,123.62,247.24
388,Moonlight Gown,Elven Glade,Desktop,Wednesday,6,110.22,661.32
389,Crystal Cloak,Northern Realms,Mobile,Friday,4,136.09,544.36
390,Moonlight Gown,Shadow Isles,Desktop,Friday,2,111.56,223.12
391,Crystal Cloak,Shadow Isles,Tablet,Sunday,2,55.44,110.88
392,Rune Earrings,Sky Cities,Mobile,Saturday,1,141.46,141.46
393,Rune Earrings,Elven Glade,Desktop,Friday,1,38.1,38.1
394,Crystal Cloak,Elven Glade,Desktop,Sunday,3,58.49,175.47
395,Rune Earrings,Elven Glade,Mobile,Sunday,3,90.02,270.06
396,Rune Earrings,Shadow Isles,Mobile,Tuesday,5,95.72,478.6
397,Rune Earrings,Sky Cities,Mobile,Saturday,1,26.91,26.91
398,Enchanted Boots,Northern Realms,Mobile,Friday,2,122.57,245.14
399,Wand Satchel,Shadow Isles,Mobile,Saturday,2,70.2,140.4
400,Moonlight Gown,Sky Cities,Mobile,Wednesday,2,75.8,151.6
401,Enchanted Boots,Sky Cities,Mobile,Wednesday,3,126.17,378.51
402,Rune Earrings,Northern Realms,Mobile,Saturday,1,72.41,72.41
403,Crystal Cloak,Northern Realms,Tablet,Tuesday,2,30.9,61.8
404,Rune Earrings,Northern Realms,Mobile,Tuesday,1,47.05,47.05
405,Wand Satchel,Elven Glade,Tablet,Saturday,4,144.49,577.96
406,Rune Earrings,Northern Realms,Mobile,Friday,3,33.8,101.4
407,Crystal Cloak,Sky Cities,Mobile,Thursday,2,69.37,138.74
408,Wand Satchel,Northern Realms,Mobile,Tuesday,2,87.9,175.8
409,Rune Earrings,Sky Cities,Mobile,Monday,3,86.66,259.98
410,Wand Satchel,Shadow Isles,Mobile,Wednesday,2,25.49,50.98
411,Moonlight Gown,Elven Glade,Desktop,Saturday,1,87.65,87.65
412,Moonlight Gown,Shadow Isles,Mobile,Monday,6,72.97,437.82
413,Rune Earrings,Shadow Isles,Desktop,Saturday,5,146.51,732.55
414,Wand Satchel,Sky Cities,Desktop,Sunday,3,44.89,134.67
415,Crystal Cloak,Shadow Isles,Mobile,Wednesday,1,69.27,69.27
416,Rune Earrings,Sky Cities,Mobile,Wednesday,4,77.44,309.76
417,Moonlight Gown,Northern Realms,Desktop,Tuesday,3,73.84,221.52
418,Moonlight Gown,Northern Realms,Mobile,Tuesday,7,108.23,757.61
419,Rune Earrings,Sky Cities,Mobile,Monday,4,51.94,207.76
420,Wand Satchel,Northern Realms,Tablet,Sunday,2,52.63,105.26
421,Moonlight Gown,Elven Glade,Mobile,Saturday,3,116.15,348.45
422,Wand Satchel,Shadow Isles,Desktop,Sunday,2,87.54,175.08
423,Moonlight Gown,Elven Glade,Tablet,Wednesday,4,76.89,307.56
424,Moonlight Gown,Shadow Isles,Mobile,Monday,1,46.15,46.15
425,Enchanted Boots,Northern Realms,Mobile,Thursday,5,48.44,242.2
426,Moonlight Gown,Elven Glade,Mobile,Monday,4,26.32,105.28
427,Crystal Cloak,Northern Realms,Mobile,Friday,2,36.43,72.86
428,Rune Earrings,Shadow Isles,Mobile,Monday,3,94.6,283.8
429,Rune Earrings,Sky Cities,Desktop,Sunday,1,136.48,136.48
430,Wand Satchel,Sky Cities,Mobile,Friday,7,60.9,426.3
431,Moonlight Gown,Elven Glade,Mobile,Friday,4,65.97,263.88
432,Crystal Cloak,Northern Realms,Tablet,Friday,2,39.45,78.9
433,Wand Satchel,Northern Realms,Desktop,Thursday,1,73.58,73.58
434,Enchanted Boots,Elven Glade,Desktop,Monday,4,29.65,118.6
435,Wand Satchel,Sky Cities,Mobile,Sunday,1,139.7,139.7
436,Wand Satchel,Shadow Isles,Desktop,Monday,3,109.14,327.42
437,Moonlight Gown,Elven Glade,Mobile,Thursday,3,148.84,446.52
438,Enchanted Boots,Shadow Isles,Mobile,Wednesday,4,135.35,541.4
439,Wand Satchel,Sky Cities,Mobile,Tuesday,3,84.12,252.36
440,Crystal Cloak,Northern Realms,Desktop,Sunday,3,89.96,269.88
441,Crystal Cloak,Sky Cities,Mobile,Sunday,3,48.82,146.46
442,Rune Earrings,Elven Glade,Mobile,Monday,4,82.75,331.0
443,Enchanted Boots,Northern Realms,Mobile,Tuesday,3,137.88,413.64
444,Enchanted Boots,Elven Glade,Mobile,Saturday,2,31.36,62.72
445,Rune Earrings,Elven Glade,Desktop,Saturday,3,132.94,398.82
446,Wand Satchel,Sky Cities,Desktop,Thursday,4,67.62,270.48
447,Enchanted Boots,Elven Glade,Desktop,Saturday,3,137.44,412.32
448,Crystal Cloak,Sky Cities,Mobile,Sunday,1,142.61,142.61
449,Crystal Cloak,Northern Realms,Mobile,Saturday,4,108.86,435.44
450,Moonlight Gown,Sky Cities,Mobile,Wednesday,4,108.05,432.2
451,Enchanted Boots,Northern Realms,Mobile,Wednesday,3,81.59,244.77
452,Wand Satchel,Sky Cities,Mobile,Wednesday,2,129.44,258.88
453,Rune Earrings,Shadow Isles,Desktop,Saturday,7,145.2,1016.4
454,Rune Earrings,Shadow Isles,Mobile,Thursday,7,121.89,853.23
455,Wand Satchel,Elven Glade,Mobile,Friday,4,102.74,410.96
456,Moonlight Gown,Sky Cities,Mobile,Friday,4,100.85,403.4
457,Rune Earrings,Sky Cities,Mobile,Tuesday,3,131.18,393.54
458,Enchanted Boots,Northern Realms,Mobile,Friday,1,92.65,92.65
459,Moonlight Gown,Elven Glade,Tablet,Friday,2,125.48,250.96
460,Enchanted Boots,Sky Cities,Desktop,Wednesday,2,88.61,177.22
461,Crystal Cloak,Elven Glade,Tablet,Wednesday,1,32.81,32.81
462,Moonlight Gown,Shadow Isles,Mobile,Saturday,5,72.99,364.95
463,Rune Earrings,Sky Cities,Mobile,Tuesday,4,80.56,322.24
464,Moonlight Gown,Sky Cities,Mobile,Monday,4,42.7,170.8
465,Moonlight Gown,Elven Glade,Mobile,Sunday,2,37.81,75.62
466,Moonlight Gown,Sky Cities,Desktop,Tuesday,3,91.93,275.79
467,Moonlight Gown,Elven Glade,Mobile,Tuesday,3,35.64,106.92
468,Enchanted Boots,Sky Cities,Mobile,Thursday,2,62.87,125.74
469,Crystal Cloak,Northern Realms,Mobile,Saturday,3,118.07,354.21
470,Wand Satchel,Elven Glade,Mobile,Thursday,1,145.55,145.55
471,Moonlight Gown,Sky Cities,Desktop,Tuesday,2,114.73,229.46
472,Rune Earrings,Shadow Isles,Mobile,Tuesday,1,149.08,149.08
473,Moonlight Gown,Sky Cities,Mobile,Tuesday,2,112.29,224.58
474,Rune Earrings,Shadow Isles,Mobile,Friday,4,61.72,246.88
475,Enchanted Boots,Shadow Isles,Mobile,Sunday,3,109.01,327.03
476,Rune Earrings,Northern Realms,Desktop,Sunday,4,112.77,451.08
477,Wand Satchel,Elven Glade,Desktop,Thursday,3,71.47,214.41
478,Crystal Cloak,Sky Cities,Tablet,Tuesday,2,27.21,54.42
479,Rune Earrings,Northern Realms,Desktop,Sunday,4,112.9,451.6
480,Rune Earrings,Sky Cities,Mobile,Wednesday,2,27.71,55.42
481,Crystal Cloak,Shadow Isles,Desktop,Sunday,3,103.9,311.7
482,Wand Satchel,Elven Glade,Mobile,Saturday,4,45.45,181.8
483,Moonlight Gown,Sky Cities,Mobile,Saturday,3,95.7,287.1
484,Rune Earrings,Sky Cities,Desktop,Sunday,2,87.99,175.98
485,Crystal Cloak,Shadow Isles,Mobile,Wednesday,5,26.69,133.45
486,Enchanted Boots,Sky Cities,Tablet,Saturday,2,70.36,140.72
487,Crystal Cloak,Sky Cities,Mobile,Friday,3,100.14,300.42
488,Enchanted Boots,Shadow Isles,Desktop,Sunday,1,131.08,131.08
489,Wand Satchel,Northern Realms,Desktop,Friday,1,136.08,136.08
490,Moonlight Gown,Shadow Isles,Desktop,Sunday,2,85.48,170.96
491,Crystal Cloak,Northern Realms,Desktop,Monday,4,116.05,464.2
492,Rune Earrings,Elven Glade,Desktop,Monday,2,64.56,129.12
493,Wand Satchel,Northern Realms,Mobile,Monday,2,67.77,135.54
494,Crystal Cloak,Northern Realms,Mobile,Saturday,1,49.31,49.31
495,Rune Earrings,Elven Glade,Mobile,Friday,3,95.24,285.72
496,Crystal Cloak,Northern Realms,Desktop,Friday,2,64.32,128.64
497,Enchanted Boots,Shadow Isles,Mobile,Friday,3,35.55,106.65
498,Crystal Cloak,Northern Realms,Desktop,Wednesday,2,110.63,221.26
499,Crystal Cloak,Elven Glade,Mobile,Friday,2,113.47,226.94
500,Crystal Cloak,Shadow Isles,Mobile,Wednesday,5,70.0,350.0
501,Wand Satchel,Elven Glade,Desktop,Monday,3,34.59,103.77
502,Crystal Cloak,Elven Glade,Mobile,Monday,1,78.29,78.29
503,Rune Earrings,Sky Cities,Mobile,Saturday,2,80.29,160.58
504,Enchanted Boots,Sky Cities,Mobile,Sunday,3,108.58,325.74
505,Enchanted Boots,Elven Glade,Tablet,Monday,5,64.43,322.15
506,Crystal Cloak,Elven Glade,Desktop,Sunday,2,110.32,220.64
507,Wand Satchel,Elven Glade,Mobile,Sunday,1,133.94,133.94
508,Wand Satchel,Sky Cities,Mobile,Saturday,4,54.69,218.76
509,Rune Earrings,Sky Cities,Mobile,Tuesday,2,147.36,294.72
510,Crystal Cloak,Northern Realms,Desktop,Tuesday,6,73.3,439.8
511,Enchanted Boots,Northern Realms,Desktop,Thursday,3,58.41,175.23
512,Wand Satchel,Elven Glade,Mobile,Saturday,7,77.69,543.83
513,Crystal Cloak,Shadow Isles,Mobile,Thursday,1,36.8,36.8
514,Wand Satchel,Shadow Isles,Mobile,Thursday,3,40.71,122.13
515,Wand Satchel,Sky Cities,Desktop,Tuesday,2,76.8,153.6
516,Enchanted Boots,Sky Cities,Desktop,Saturday,3,120.31,360.93
517,Moonlight Gown,Sky Cities,Mobile,Tuesday,1,137.54,137.54
518,Rune Earrings,Elven Glade,Mobile,Thursday,3,108.1,324.3
519,Rune Earrings,Shadow Isles,Mobile,Saturday,3,38.15,114.45
520,Enchanted Boots,Northern Realms,Tablet,Thursday,2,109.0,218.0
521,Wand Satchel,Elven Glade,Mobile,Friday,4,104.43,417.72
522,Crystal Cloak,Northern Realms,Desktop,Sunday,2,125.72,251.44
523,Wand Satchel,Northern Realms,Desktop,Saturday,1,128.16,128.16
524,Enchanted Boots,Elven Glade,Mobile,Saturday,2,133.53,267.06
525,Rune Earrings,Northern Realms,Mobile,Sunday,2,76.77,153.54
526,Wand Satchel,Shadow Isles,Mobile,Thursday,3,112.23,336.69
527,Rune Earrings,Northern Realms,Desktop,Friday,4,58.53,234.12
528,Crystal Cloak,Shadow Isles,Desktop,Wednesday,6,149.92,899.52
529,Rune Earrings,Shadow Isles,Desktop,Sunday,2,46.92,93.84
530,Rune Earrings,Shadow Isles,Mobile,Tuesday,3,26.26,78.78
531,Moonlight Gown,Sky Cities,Mobile,Thursday,4,43.6,174.4
532,Moonlight Gown,Northern Realms,Tablet,Sunday,4,121.98,487.92
533,Moonlight Gown,Elven Glade,Desktop,Sunday,4,80.85,323.4
534,Rune Earrings,Elven Glade,Mobile,Saturday,1,80.94,80.94
535,Enchanted Boots,Northern Realms,Tablet,Tuesday,4,144.38,577.52
536,Rune Earrings,Sky Cities,Desktop,Tuesday,4,139.95,559.8
537,Enchanted Boots,Sky Cities,Mobile,Tuesday,3,63.9,191.7
538,Enchanted Boots,Shadow Isles,Desktop,Sunday,5,51.13,255.65
539,Moonlight Gown,Northern Realms,Desktop,Wednesday,3,131.06,393.18
540,Wand Satchel,Northern Realms,Desktop,Monday,2,138.25,276.5
541,Crystal Cloak,Elven Glade,Mobile,Thursday,1,92.7,92.7
542,Moonlight Gown,Northern Realms,Mobile,Monday,3,103.68,311.04
543,Moonlight Gown,Sky Cities,Tablet,Sunday,1,57.11,57.11
544,Wand Satchel,Northern Realms,Mobile,Monday,4,125.1,500.4
545,Crystal Cloak,Elven Glade,Mobile,Sunday,2,104.02,208.04
546,Rune Earrings,Shadow Isles,Mobile,Monday,1,87.94,87.94
547,Rune Earrings,Elven Glade,Mobile,Tuesday,3,32.51,97.53
548,Moonlight Gown,Elven Glade,Desktop,Friday,1,139.49,139.49
549,Crystal Cloak,Shadow Isles,Tablet,Tuesday,2,101.93,203.86
550,Moonlight Gown,Elven Glade,Mobile,Tuesday,2,49.09,98.18
551,Enchanted Boots,Elven Glade,Mobile,Saturday,3,100.8,302.4
552,Moonlight Gown,Northern Realms,Mobile,Saturday,2,109.68,219.36
553,Moonlight Gown,Northern Realms,Desktop,Monday,1,90.72,90.72
554,Rune Earrings,Shadow Isles,Desktop,Sunday,2,114.76,229.52
555,Rune Earrings,Northern Realms,Mobile,Tuesday,1,97.68,97.68
556,Rune Earrings,Northern Realms,Desktop,Monday,3,143.47,430.41
557,Enchanted Boots,Elven Glade,Desktop,Saturday,3,31.71,95.13
558,Rune Earrings,Sky Cities,Desktop,Friday,2,38.28,76.56
559,Crystal Cloak,Northern Realms,Tablet,Thursday,3,46.71,140.13
560,Wand Satchel,Sky Cities,Mobile,Monday,4,111.27,445.08
561,Crystal Cloak,Northern Realms,Desktop,Friday,2,105.7,211.4
562,Crystal Cloak,Northern Realms,Mobile,Thursday,3,136.51,409.53
563,Rune Earrings,Shadow Isles,Desktop,Wednesday,4,116.61,466.44
564,Wand Satchel,Shadow Isles,Desktop,Monday,3,88.54,265.62
565,Wand Satchel,Shadow Isles,Desktop,Monday,4,148.98,595.92
566,Wand Satchel,Sky Cities,Desktop,Wednesday,3,58.26,174.78
567,Enchanted Boots,Elven Glade,Mobile,Wednesday,3,129.15,387.45
568,Rune Earrings,Northern Realms,Mobile,Monday,2,78.35,156.7
569,Wand Satchel,Northern Realms,Tablet,Wednesday,7,106.09,742.63
570,Enchanted Boots,Northern Realms,Tablet,Tuesday,3,115.91,347.73
571,Moonlight Gown,Sky Cities,Mobile,Thursday,3,104.22,312.66
572,Moonlight Gown,Shadow Isles,Mobile,Thursday,2,42.56,85.12
573,Enchanted Boots,Elven Glade,Mobile,Thursday,2,80.37,160.74
574,Enchanted Boots,Sky Cities,Desktop,Tuesday,2,95.18,190.36
575,Rune Earrings,Shadow Isles,Desktop,Sunday,3,131.13,393.39
576,Rune Earrings,Sky Cities,Mobile,Wednesday,6,80.46,482.76
577,Moonlight Gown,Elven Glade,Mobile,Friday,3,139.84,419.52
578,Wand Satchel,Shadow Isles,Desktop,Wednesday,2,80.05,160.1
579,Moonlight Gown,Sky Cities,Desktop,Monday,2,93.6,187.2
580,Wand Satchel,Elven Glade,Mobile,Saturday,3,124.54,373.62
581,Wand Satchel,Northern Realms,Mobile,Thursday,4,97.88,391.52
582,Rune Earrings,Elven Glade,Mobile,Wednesday,2,145.03,290.06
583,Crystal Cloak,Northern Realms,Mobile,Friday,3,107.54,322.62
584,Crystal Cloak,Sky Cities,Mobile,Monday,6,90.34,542.04
585,Enchanted Boots,Shadow Isles,Desktop,Tuesday,2,27.95,55.9
586,Rune Earrings,Shadow Isles,Desktop,Sunday,3,76.72,230.16
587,Wand Satchel,Sky Cities,Desktop,Tuesday,5,62.41,312.05
588,Crystal Cloak,Shadow Isles,Desktop,Friday,5,118.51,592.55
589,Wand Satchel,Shadow Isles,Mobile,Monday,4,51.03,204.12
590,Crystal Cloak,Northern Realms,Mobile,Thursday,3,50.65,151.95
591,Crystal Cloak,Sky Cities,Mobile,Wednesday,3,48.69,146.07
592,Crystal Cloak,Elven Glade,Mobile,Monday,2,40.7,81.4
593,Rune Earrings,Northern Realms,Desktop,Sunday,2,63.88,127.76
594,Moonlight Gown,Sky Cities,Tablet,Tuesday,2,135.74,271.48
595,Wand Satchel,Northern Realms,Mobile,Sunday,4,121.87,487.48
596,Rune Earrings,Elven Glade,Mobile,Sunday,5,116.91,584.55
597,Rune Earrings,Elven Glade,Desktop,Friday,1,124.67,124.67
598,Rune Earrings,Sky Cities,Mobile,Friday,4,58.68,234.72
599,Rune Earrings,Elven Glade,Mobile,Wednesday,4,135.93,543.72
600,Rune Earrings,Northern Realms,Desktop,Friday,3,42.16,126.48
601,Enchanted Boots,Elven Glade,Desktop,Friday,4,67.04,268.16
602,Wand Satchel,Northern Realms,Mobile,Monday,6,98.34,590.04
603,Rune Earrings,Northern Realms,Mobile,Thursday,4,37.86,151.44
604,Wand Satchel,Elven Glade,Desktop,Wednesday,2,116.27,232.54
605,Enchanted Boots,Sky Cities,Mobile,Monday,3,73.41,220.23
606,Enchanted Boots,Shadow Isles,Mobile,Thursday,1,123.05,123.05
607,Wand Satchel,Elven Glade,Desktop,Sunday,3,86.61,259.83
608,Crystal Cloak,Northern Realms,Mobile,Monday,4,47.61,190.44
609,Moonlight Gown,Northern Realms,Desktop,Saturday,5,116.85,584.25
610,Crystal Cloak,Elven Glade,Mobile,Monday,1,56.52,56.52
611,Crystal Cloak,Sky Cities,Tablet,Friday,2,86.35,172.7
612,Crystal Cloak,Sky Cities,Mobile,Thursday,2,34.44,68.88
613,Rune Earrings,Northern Realms,Mobile,Wednesday,2,102.23,204.46
614,Enchanted Boots,Northern Realms,Mobile,Wednesday,1,108.23,108.23
615,Crystal Cloak,Sky Cities,Mobile,Thursday,2,72.33,144.66
616,Enchanted Boots,Shadow Isles,Desktop,Friday,3,144.3,432.9
617,Wand Satchel,Elven Glade,Tablet,Tuesday,4,134.27,537.08
618,Moonlight Gown,Northern Realms,Mobile,Monday,5,113.49,567.45
619,Wand Satchel,Northern Realms,Mobile,Friday,2,114.21,228.42
620,Wand Satchel,Sky Cities,Desktop,Saturday,5,56.55,282.75
621,Rune Earrings,Elven Glade,Desktop,Sunday,2,107.1,214.2
622,Moonlight Gown,Sky Cities,Mobile,Thursday,3,49.78,149.34
623,Wand Satchel,Elven Glade,Mobile,Monday,2,43.0,86.0
624,Wand Satchel,Elven Glade,Mobile,Wednesday,3,149.93,449.79
625,Moonlight Gown,Elven Glade,Desktop,Sunday,6,102.8,616.8
626,Moonlight Gown,Northern Realms,Mobile,Tuesday,3,78.87,236.61
627,Wand Satchel,Shadow Isles,Desktop,Saturday,1,61.02,61.02
628,Moonlight Gown,Sky Cities,Mobile,Wednesday,3,100.49,301.47
629,Wand Satchel,Shadow Isles,Desktop,Thursday,3,31.2,93.6
630,Wand Satchel,Sky Cities,Mobile,Monday,3,36.84,110.52
631,Rune Earrings,Elven Glade,Mobile,Thursday,2,29.11,58.22
632,Crystal Cloak,Northern Realms,Mobile,Sunday,6,87.4,524.4
633,Wand Satchel,Shadow Isles,Desktop,Monday,2,100.08,200.16
634,Enchanted Boots,Northern Realms,Mobile,Friday,2,32.81,65.62
635,Crystal Cloak,Sky Cities,Mobile,Tuesday,4,115.15,460.6
636,Crystal Cloak,Northern Realms,Mobile,Friday,5,53.8,269.0
637,Crystal Cloak,Northern Realms,Mobile,Friday,5,110.65,553.25
638,Rune Earrings,Shadow Isles,Desktop,Thursday,1,147.74,147.74
639,Wand Satchel,Elven Glade,Desktop,Sunday,2,111.39,222.78
640,Rune Earrings,Northern Realms,Desktop,Tuesday,3,135.4,406.2
641,Wand Satchel,Elven Glade,Mobile,Monday,2,143.52,287.04
642,Rune Earrings,Sky Cities,Desktop,Monday,2,85.84,171.68
643,Rune Earrings,Northern Realms,Mobile,Saturday,2,112.79,225.58
644,Enchanted Boots,Shadow Isles,Mobile,Wednesday,6,131.5,789.0
645,Rune Earrings,Sky Cities,Mobile,Saturday,4,69.58,278.32
646,Moonlight Gown,Sky Cities,Mobile,Saturday,5,57.67,288.35
647,Enchanted Boots,Shadow Isles,Desktop,Monday,2,143.32,286.64
648,Rune Earrings,Northern Realms,Desktop,Thursday,2,115.79,231.58
649,Crystal Cloak,Northern Realms,Desktop,Friday,2,52.46,104.92
650,Moonlight Gown,Sky Cities,Mobile,Sunday,2,81.14,162.28
651,Moonlight Gown,Northern Realms,Mobile,Friday,2,124.56,249.12
652,Moonlight Gown,Elven Glade,Mobile,Friday,3,93.38,280.14
653,Enchanted Boots,Shadow Isles,Mobile,Tuesday,1,106.24,106.24
654,Rune Earrings,Elven Glade,Mobile,Monday,3,119.22,357.66
655,Rune Earrings,Northern Realms,Mobile,Sunday,8,102.75,822.0
656,Crystal Cloak,Sky Cities,Mobile,Thursday,3,92.51,277.53
657,Crystal Cloak,Shadow Isles,Mobile,Tuesday,4,118.7,474.8
658,Moonlight Gown,Northern Realms,Desktop,Wednesday,2,115.95,231.9
659,Crystal Cloak,Northern Realms,Tablet,Thursday,3,103.73,311.19
660,Enchanted Boots,Sky Cities,Tablet,Saturday,3,69.97,209.91
661,Rune Earrings,Sky Cities,Desktop,Thursday,4,75.73,302.92
662,Moonlight Gown,Elven Glade,Mobile,Thursday,2,146.3,292.6
663,Crystal Cloak,Shadow Isles,Desktop,Friday,5,39.05,195.25
664,Enchanted Boots,Shadow Isles,Desktop,Thursday,4,58.56,234.24
665,Enchanted Boots,Sky Cities,Mobile,Saturday,4,86.55,346.2
666,Crystal Cloak,Elven Glade,Mobile,Saturday,8,129.59,1036.72
667,Rune Earrings,Shadow Isles,Desktop,Monday,4,45.46,181.84
668,Crystal Cloak,Sky Cities,Mobile,Thursday,6,59.62,357.72
669,Moonlight Gown,Northern Realms,Mobile,Friday,4,33.22,132.88
670,Crystal Cloak,Shadow Isles,Mobile,Thursday,3,113.25,339.75
671,Enchanted Boots,Elven Glade,Mobile,Wednesday,3,54.78,164.34
672,Crystal Cloak,Elven Glade,Mobile,Wednesday,2,73.58,147.16
673,Rune Earrings,Elven Glade,Mobile,Friday,4,80.46,321.84
674,Wand Satchel,Northern Realms,Mobile,Monday,1,136.41,136.41
675,Crystal Cloak,Shadow Isles,Mobile,Monday,2,76.42,152.84
676,Rune Earrings,Shadow Isles,Desktop,Saturday,2,43.15,86.3
677,Rune Earrings,Northern Realms,Mobile,Saturday,3,90.54,271.62
678,Enchanted Boots,Shadow Isles,Mobile,Tuesday,3,145.37,436.11
679,Rune Earrings,Northern Realms,Mobile,Friday,1,100.96,100.96
680,Rune Earrings,Northern Realms,Tablet,Thursday,4,147.92,591.68
681,Rune Earrings,Northern Realms,Mobile,Sunday,2,130.14,260.28
682,Rune Earrings,Elven Glade,Mobile,Friday,1,29.5,29.5
683,Moonlight Gown,Shadow Isles,Desktop,Tuesday,4,107.3,429.2
684,Moonlight Gown,Northern Realms,Desktop,Saturday,3,60.85,182.55
685,Enchanted Boots,Shadow Isles,Mobile,Friday,1,94.95,94.95
686,Crystal Cloak,Elven Glade,Desktop,Friday,4,59.92,239.68
687,Rune Earrings,Northern Realms,Mobile,Saturday,3,68.61,205.83
688,Crystal Cloak,Sky Cities,Mobile,Tuesday,2,140.4,280.8
689,Crystal Cloak,Elven Glade,Mobile,Saturday,3,50.83,152.49
690,Enchanted Boots,Sky Cities,Mobile,Monday,3,134.26,402.78
691,Rune Earrings,Shadow Isles,Desktop,Thursday,4,28.81,115.24
692,Rune Earrings,Shadow Isles,Mobile,Saturday,6,36.36,218.16
693,Wand Satchel,Elven Glade,Mobile,Tuesday,3,131.83,395.49
694,Crystal Cloak,Shadow Isles,Desktop,Wednesday,1,103.82,103.82
695,Crystal Cloak,Sky Cities,Desktop,Monday,3,118.4,355.2
696,Moonlight Gown,Northern Realms,Mobile,Wednesday,1,51.18,51.18
697,Wand Satchel,Northern Realms,Desktop,Sunday,3,92.14,276.42
698,Moonlight Gown,Northern Realms,Mobile,Saturday,4,117.15,468.6
699,Moonlight Gown,Elven Glade,Desktop,Monday,1,103.41,103.41
700,Moonlight Gown,Shadow Isles,Desktop,Thursday,3,83.96,251.88
701,Enchanted Boots,Sky Cities,Tablet,Saturday,2,144.97,289.94
702,Enchanted Boots,Shadow Isles,Mobile,Thursday,3,109.52,328.56
703,Moonlight Gown,Shadow Isles,Mobile,Friday,4,138.47,553.88
704,Wand Satchel,Shadow Isles,Mobile,Wednesday,5,116.22,581.1
705,Crystal Cloak,Northern Realms,Mobile,Monday,1,116.93,116.93
706,Wand Satchel,Sky Cities,Mobile,Thursday,1,35.0,35.0
707,Rune Earrings,Sky Cities,Tablet,Tuesday,2,69.93,139.86
708,Enchanted Boots,Shadow Isles,Mobile,Thursday,2,132.3,264.6
709,Crystal Cloak,Northern Realms,Mobile,Tuesday,7,54.08,378.56
710,Crystal Cloak,Northern Realms,Desktop,Saturday,4,39.44,157.76
711,Rune Earrings,Sky Cities,Mobile,Monday,2,65.76,131.52
712,Rune Earrings,Northern Realms,Desktop,Thursday,4,52.55,210.2
713,Moonlight Gown,Northern Realms,Mobile,Sunday,3,140.66,421.98
714,Enchanted Boots,Northern Realms,Mobile,Thursday,2,133.5,267.0
715,Enchanted Boots,Elven Glade,Mobile,Sunday,3,87.46,262.38
716,Wand Satchel,Shadow Isles,Mobile,Monday,4,32.67,130.68
717,Moonlight Gown,Sky Cities,Tablet,Thursday,2,114.32,228.64
718,Moonlight Gown,Sky Cities,Mobile,Tuesday,7,102.93,720.51
719,Moonlight Gown,Elven Glade,Mobile,Thursday,3,146.32,438.96
720,Moonlight Gown,Shadow Isles,Mobile,Wednesday,1,94.87,94.87
721,Enchanted Boots,Sky Cities,Mobile,Saturday,3,67.05,201.15
722,Enchanted Boots,Northern Realms,Desktop,Friday,4,89.88,359.52
723,Moonlight Gown,Sky Cities,Mobile,Tuesday,2,147.41,294.82
724,Wand Satchel,Northern Realms,Desktop,Wednesday,4,112.05,448.2
725,Crystal Cloak,Elven Glade,Tablet,Sunday,1,109.0,109.0
726,Crystal Cloak,Northern Realms,Mobile,Saturday,2,55.09,110.18
727,Wand Satchel,Sky Cities,Tablet,Monday,3,117.95,353.85
728,Moonlight Gown,Sky Cities,Mobile,Tuesday,2,118.78,237.56
729,Enchanted Boots,Sky Cities,Mobile,Friday,2,64.66,129.32
730,Crystal Cloak,Elven Glade,Mobile,Saturday,4,85.46,341.84
731,Rune Earrings,Elven Glade,Desktop,Sunday,4,61.83,247.32
732,Rune Earrings,Shadow Isles,Tablet,Friday,2,57.34,114.68
733,Wand Satchel,Sky Cities,Mobile,Monday,1,28.24,28.24
734,Moonlight Gown,Northern Realms,Desktop,Monday,3,60.65,181.95
735,Crystal Cloak,Elven Glade,Mobile,Sunday,6,94.25,565.5
736,Moonlight Gown,Sky Cities,Mobile,Tuesday,1,25.2,25.2
737,Crystal Cloak,Sky Cities,Mobile,Sunday,2,60.4,120.8
738,Wand Satchel,Elven Glade,Tablet,Thursday,3,135.18,405.54
739,Wand Satchel,Shadow Isles,Desktop,Monday,2,99.21,198.42
740,Rune Earrings,Elven Glade,Mobile,Saturday,4,100.98,403.92
741,Moonlight Gown,Elven Glade,Mobile,Thursday,3,75.42,226.26
742,Rune Earrings,Northern Realms,Mobile,Wednesday,3,109.56,328.68
743,Moonlight Gown,Northern Realms,Mobile,Friday,5,48.74,243.7
744,Rune Earrings,Shadow Isles,Mobile,Thursday,5,127.34,636.7
745,Enchanted Boots,Sky Cities,Desktop,Friday,1,39.59,39.59
746,Enchanted Boots,Elven Glade,Mobile,Sunday,4,107.0,428.0
747,Enchanted Boots,Shadow Isles,Mobile,Thursday,4,67.64,270.56
748,Enchanted Boots,Northern Realms,Mobile,Sunday,2,118.44,236.88
749,Crystal Cloak,Elven Glade,Desktop,Wednesday,5,93.72,468.6
750,Enchanted Boots,Sky Cities,Desktop,Monday,4,81.54,326.16
751,Wand Satchel,Northern Realms,Mobile,Wednesday,2,46.18,92.36
752,Wand Satchel,Northern Realms,Desktop,Monday,2,104.6,209.2
753,Crystal Cloak,Northern Realms,Mobile,Sunday,2,146.85,293.7
754,Enchanted Boots,Shadow Isles,Mobile,Monday,2,128.2,256.4
755,Enchanted Boots,Sky Cities,Mobile,Friday,2,32.5,65.0
756,Enchanted Boots,Elven Glade,Mobile,Saturday,2,72.03,144.06
757,Rune Earrings,Shadow Isles,Mobile,Wednesday,2,140.7,281.4
758,Moonlight Gown,Shadow Isles,Tablet,Thursday,7,87.88,615.16
759,Rune Earrings,Shadow Isles,Desktop,Wednesday,3,107.76,323.28
760,Moonlight Gown,Northern Realms,Desktop,Friday,1,139.07,139.07
761,Enchanted Boots,Sky Cities,Mobile,Monday,3,134.22,402.66
762,Enchanted Boots,Shadow Isles,Mobile,Friday,2,87.73,175.46
763,Rune Earrings,Elven Glade,Desktop,Tuesday,3,79.71,239.13
764,Rune Earrings,Sky Cities,Mobile,Tuesday,4,67.46,269.84
765,Moonlight Gown,Elven Glade,Mobile,Thursday,3,114.88,344.64
766,Wand Satchel,Sky Cities,Mobile,Friday,2,60.87,121.74
767,Moonlight Gown,Elven Glade,Desktop,Sunday,5,56.24,281.2
768,Rune Earrings,Northern Realms,Mobile,Thursday,3,69.53,208.59
769,Rune Earrings,Shadow Isles,Mobile,Sunday,6,47.15,282.9
770,Crystal Cloak,Elven Glade,Desktop,Thursday,1,111.89,111.89
771,Rune Earrings,Sky Cities,Mobile,Tuesday,2,102.03,204.06
772,Crystal Cloak,Shadow Isles,Mobile,Thursday,1,85.36,85.36
773,Wand Satchel,Shadow Isles,Mobile,Tuesday,3,73.79,221.37
774,Moonlight Gown,Sky Cities,Mobile,Monday,2,138.63,277.26
775,Moonlight Gown,Elven Glade,Desktop,Sunday,3,28.64,85.92
776,Crystal Cloak,Northern Realms,Mobile,Friday,3,121.14,363.42
777,Moonlight Gown,Northern Realms,Mobile,Thursday,3,137.74,413.22
778,Rune Earrings,Elven Glade,Desktop,Tuesday,4,80.79,323.16
779,Enchanted Boots,Shadow Isles,Desktop,Wednesday,2,93.84,187.68
780,Crystal Cloak,Shadow Isles,Desktop,Sunday,2,143.06,286.12
781,Moonlight Gown,Shadow Isles,Mobile,Thursday,4,51.53,206.12
782,Crystal Cloak,Shadow Isles,Mobile,Saturday,3,90.02,270.06
783,Crystal Cloak,Elven Glade,Tablet,Monday,6,84.34,506.04
784,Enchanted Boots,Shadow Isles,Desktop,Monday,3,57.3,171.9
785,Rune Earrings,Sky Cities,Mobile,Wednesday,1,127.32,127.32
786,Crystal Cloak,Shadow Isles,Mobile,Tuesday,2,137.45,274.9
787,Moonlight Gown,Northern Realms,Mobile,Thursday,3,122.74,368.22
788,Wand Satchel,Shadow Isles,Tablet,Sunday,3,49.42,148.26
789,Crystal Cloak,Elven Glade,Mobile,Tuesday,5,35.84,179.2
790,Crystal Cloak,Northern Realms,Mobile,Monday,3,100.68,302.04
791,Enchanted Boots,Elven Glade,Mobile,Tuesday,3,32.14,96.42
792,Rune Earrings,Elven Glade,Desktop,Monday,2,109.1,218.2
793,Wand Satchel,Northern Realms,Desktop,Tuesday,4,91.3,365.2
794,Moonlight Gown,Elven Glade,Mobile,Wednesday,4,107.85,431.4
795,Wand Satchel,Elven Glade,Desktop,Friday,5,98.77,493.85
796,Moonlight Gown,Shadow Isles,Tablet,Wednesday,6,77.84,467.04
797,Rune Earrings,Sky Cities,Mobile,Wednesday,1,50.11,50.11
798,Moonlight Gown,Elven Glade,Mobile,Friday,1,63.21,63.21
799,Enchanted Boots,Elven Glade,Mobile,Friday,4,90.56,362.24
800,Enchanted Boots,Elven Glade,Desktop,Thursday,1,106.48,106.48
801,Enchanted Boots,Shadow Isles,Mobile,Sunday,3,122.44,367.32
802,Enchanted Boots,Sky Cities,Desktop,Sunday,5,120.9,604.5
803,Wand Satchel,Northern Realms,Desktop,Thursday,4,146.59,586.36
804,Rune Earrings,Shadow Isles,Mobile,Wednesday,1,60.73,60.73
805,Moonlight Gown,Shadow Isles,Tablet,Wednesday,1,33.89,33.89
806,Moonlight Gown,Sky Cities,Mobile,Monday,3,68.21,204.63
807,Enchanted Boots,Sky Cities,Mobile,Monday,3,117.91,353.73
808,Enchanted Boots,Shadow Isles,Desktop,Sunday,2,79.76,159.52
809,Crystal Cloak,Northern Realms,Desktop,Thursday,3,127.22,381.66
810,Rune Earrings,Shadow Isles,Mobile,Saturday,1,93.67,93.67
811,Wand Satchel,Sky Cities,Desktop,Saturday,4,141.22,564.88
812,Moonlight Gown,Northern Realms,Tablet,Thursday,1,143.48,143.48
813,Crystal Cloak,Sky Cities,Mobile,Monday,1,33.66,33.66
814,Crystal Cloak,Northern Realms,Tablet,Sunday,2,82.05,164.1
815,Moonlight Gown,Elven Glade,Mobile,Sunday,3,101.21,303.63
816,Wand Satchel,Sky Cities,Mobile,Monday,2,56.98,113.96
817,Crystal Cloak,Sky Cities,Mobile,Saturday,5,75.88,379.4
818,Crystal Cloak,Shadow Isles,Desktop,Tuesday,6,109.71,658.26
819,Rune Earrings,Sky Cities,Desktop,Tuesday,2,53.34,106.68
820,Wand Satchel,Sky Cities,Mobile,Monday,3,100.25,300.75
821,Crystal Cloak,Elven Glade,Mobile,Tuesday,4,112.18,448.72
822,Wand Satchel,Sky Cities,Desktop,Friday,4,36.31,145.24
823,Moonlight Gown,Elven Glade,Mobile,Thursday,3,87.19,261.57
824,Enchanted Boots,Elven Glade,Desktop,Thursday,1,57.89,57.89
825,Crystal Cloak,Elven Glade,Desktop,Monday,1,115.55,115.55
826,Rune Earrings,Elven Glade,Mobile,Wednesday,1,48.69,48.69
827,Moonlight Gown,Northern Realms,Tablet,Saturday,4,136.53,546.12
828,Wand Satchel,Shadow Isles,Mobile,Monday,2,78.87,157.74
829,Moonlight Gown,Northern Realms,Tablet,Tuesday,6,49.75,298.5
830,Crystal Cloak,Sky Cities,Desktop,Saturday,3,79.75,239.25
831,Wand Satchel,Northern Realms,Desktop,Wednesday,4,76.09,304.36
832,Enchanted Boots,Northern Realms,Mobile,Tuesday,5,78.61,393.05
833,Moonlight Gown,Sky Cities,Desktop,Sunday,1,98.2,98.2
834,Crystal Cloak,Sky Cities,Mobile,Friday,1,90.15,90.15
835,Rune Earrings,Sky Cities,Mobile,Tuesday,1,43.72,43.72
836,Wand Satchel,Northern Realms,Mobile,Friday,2,33.2,66.4
837,Moonlight Gown,Northern Realms,Mobile,Saturday,2,116.18,232.36
838,Moonlight Gown,Sky Cities,Mobile,Friday,2,94.96,189.92
839,Enchanted Boots,Shadow Isles,Desktop,Saturday,2,69.88,139.76
840,Enchanted Boots,Shadow Isles,Desktop,Saturday,3,126.04,378.12
841,Rune Earrings,Elven Glade,Mobile,Saturday,2,73.51,147.02
842,Rune Earrings,Sky Cities,Desktop,Saturday,2,124.5,249.0
843,Crystal Cloak,Elven Glade,Mobile,Saturday,4,63.22,252.88
844,Crystal Cloak,Shadow Isles,Desktop,Tuesday,2,34.11,68.22
845,Rune Earrings,Elven Glade,Desktop,Saturday,3,141.58,424.74
846,Rune Earrings,Sky Cities,Mobile,Tuesday,2,74.32,148.64
847,Wand Satchel,Sky Cities,Desktop,Saturday,3,124.09,372.27
848,Enchanted Boots,Sky Cities,Mobile,Friday,4,59.89,239.56
849,Crystal Cloak,Northern Realms,Mobile,Sunday,4,105.8,423.2
850,Enchanted Boots,Elven Glade,Desktop,Saturday,1,134.16,134.16
851,Enchanted Boots,Shadow Isles,Mobile,Wednesday,3,30.21,90.63
852,Rune Earrings,Shadow Isles,Mobile,Saturday,1,128.83,128.83
853,Wand Satchel,Shadow Isles,Mobile,Saturday,4,96.42,385.68
854,Moonlight Gown,Northern Realms,Desktop,Friday,4,100.93,403.72
855,Wand Satchel,Northern Realms,Mobile,Thursday,2,90.39,180.78
856,Wand Satchel,Sky Cities,Mobile,Friday,1,134.31,134.31
857,Enchanted Boots,Shadow Isles,Desktop,Wednesday,2,30.43,60.86
858,Wand Satchel,Northern Realms,Desktop,Thursday,2,57.63,115.26
859,Crystal Cloak,Sky Cities,Mobile,Monday,2,134.47,268.94
860,Enchanted Boots,Shadow Isles,Mobile,Monday,3,119.04,357.12
861,Crystal Cloak,Elven Glade,Mobile,Wednesday,5,27.21,136.05
862,Moonlight Gown,Sky Cities,Mobile,Friday,3,89.63,268.89
863,Enchanted Boots,Northern Realms,Mobile,Tuesday,4,91.2,364.8
864,Moonlight Gown,Northern Realms,Desktop,Wednesday,3,75.11,225.33
865,Enchanted Boots,Sky Cities,Desktop,Sunday,4,62.17,248.68
866,Rune Earrings,Sky Cities,Desktop,Thursday,4,110.22,440.88
867,Wand Satchel,Northern Realms,Mobile,Thursday,1,50.97,50.97
868,Rune Earrings,Elven Glade,Desktop,Saturday,2,124.87,249.74
869,Moonlight Gown,Shadow Isles,Mobile,Monday,3,125.38,376.14
870,Wand Satchel,Elven Glade,Tablet,Thursday,4,76.91,307.64
871,Enchanted Boots,Sky Cities,Desktop,Wednesday,1,60.44,60.44
872,Wand Satchel,Elven Glade,Mobile,Thursday,2,60.48,120.96
873,Crystal Cloak,Northern Realms,Desktop,Wednesday,5,85.29,426.45
874,Wand Satchel,Sky Cities,Mobile,Tuesday,3,114.95,344.85
875,Crystal Cloak,Shadow Isles,Desktop,Saturday,2,69.86,139.72
876,Wand Satchel,Northern Realms,Mobile,Monday,2,101.26,202.52
877,Crystal Cloak,Northern Realms,Mobile,Thursday,2,72.81,145.62
878,Moonlight Gown,Shadow Isles,Desktop,Wednesday,4,63.07,252.28
879,Rune Earrings,Shadow Isles,Mobile,Friday,2,28.11,56.22
880,Enchanted Boots,Elven Glade,Desktop,Monday,3,25.49,76.47
881,Wand Satchel,Sky Cities,Mobile,Tuesday,6,53.4,320.4
882,Rune Earrings,Shadow Isles,Desktop,Wednesday,1,75.8,75.8
883,Enchanted Boots,Shadow Isles,Desktop,Sunday,4,131.41,525.64
884,Enchanted Boots,Sky Cities,Mobile,Sunday,3,124.81,374.43
885,Crystal Cloak,Shadow Isles,Mobile,Saturday,2,58.4,116.8
886,Moonlight Gown,Shadow Isles,Mobile,Saturday,2,55.57,111.14
887,Moonlight Gown,Elven Glade,Mobile,Tuesday,4,53.42,213.68
888,Rune Earrings,Northern Realms,Mobile,Tuesday,2,67.4,134.8
889,Moonlight Gown,Northern Realms,Desktop,Saturday,2,87.27,174.54
890,Wand Satchel,Northern Realms,Tablet,Thursday,2,79.83,159.66
891,Moonlight Gown,Northern Realms,Desktop,Thursday,3,52.28,156.84
892,Rune Earrings,Shadow Isles,Desktop,Wednesday,2,41.31,82.62
893,Moonlight Gown,Sky Cities,Desktop,Friday,3,26.57,79.71
894,Wand Satchel,Sky Cities,Desktop,Wednesday,4,44.25,177.0
895,Crystal Cloak,Elven Glade,Mobile,Friday,3,113.17,339.51
896,Rune Earrings,Elven Glade,Tablet,Tuesday,4,55.45,221.8
897,Crystal Cloak,Shadow Isles,Desktop,Monday,3,83.58,250.74
898,Crystal Cloak,Sky Cities,Mobile,Wednesday,2,98.91,197.82
899,Crystal Cloak,Sky Cities,Mobile,Wednesday,3,135.86,407.58
900,Enchanted Boots,Northern Realms,Mobile,Friday,4,136.11,544.44
901,Enchanted Boots,Shadow Isles,Mobile,Tuesday,3,118.22,354.66
902,Crystal Cloak,Shadow Isles,Desktop,Tuesday,1,29.39,29.39
903,Rune Earrings,Northern Realms,Mobile,Sunday,4,96.88,387.52
904,Wand Satchel,Shadow Isles,Mobile,Friday,2,123.32,246.64
905,Wand Satchel,Shadow Isles,Tablet,Tuesday,2,27.16,54.32
906,Moonlight Gown,Elven Glade,Mobile,Saturday,5,93.71,468.55
907,Rune Earrings,Sky Cities,Mobile,Thursday,4,132.22,528.88
908,Enchanted Boots,Shadow Isles,Mobile,Sunday,4,84.26,337.04
909,Crystal Cloak,Elven Glade,Desktop,Saturday,3,25.51,76.53
910,Moonlight Gown,Sky Cities,Tablet,Monday,2,26.38,52.76
911,Wand Satchel,Northern Realms,Mobile,Wednesday,2,77.08,154.16
912,Enchanted Boots,Elven Glade,Desktop,Sunday,1,44.38,44.38
913,Enchanted Boots,Elven Glade,Mobile,Monday,5,108.06,540.3
914,Crystal Cloak,Sky Cities,Tablet,Wednesday,4,113.6,454.4
915,Wand Satchel,Northern Realms,Desktop,Thursday,1,47.23,47.23
916,Rune Earrings,Elven Glade,Desktop,Tuesday,1,136.07,136.07
917,Enchanted Boots,Shadow Isles,Mobile,Saturday,7,80.24,561.68
918,Crystal Cloak,Shadow Isles,Tablet,Friday,3,42.86,128.58
919,Rune Earrings,Shadow Isles,Desktop,Saturday,7,120.53,843.71
920,Wand Satchel,Northern Realms,Mobile,Thursday,1,123.75,123.75
921,Enchanted Boots,Elven Glade,Desktop,Monday,3,104.91,314.73
922,Rune Earrings,Shadow Isles,Mobile,Friday,1,131.68,131.68
923,Rune Earrings,Northern Realms,Desktop,Tuesday,2,117.17,234.34
924,Rune Earrings,Shadow Isles,Mobile,Thursday,7,135.28,946.96
925,Enchanted Boots,Sky Cities,Desktop,Friday,2,79.24,158.48
926,Enchanted Boots,Elven Glade,Mobile,Thursday,3,118.45,355.35
927,Moonlight Gown,Elven Glade,Mobile,Thursday,2,149.97,299.94
928,Wand Satchel,Northern Realms,Mobile,Tuesday,2,115.62,231.24
929,Crystal Cloak,Northern Realms,Mobile,Sunday,5,39.27,196.35
930,Rune Earrings,Elven Glade,Mobile,Wednesday,6,89.79,538.74
931,Moonlight Gown,Shadow Isles,Mobile,Friday,4,98.42,393.68
932,Crystal Cloak,Shadow Isles,Mobile,Tuesday,2,46.78,93.56
933,Moonlight Gown,Sky Cities,Mobile,Thursday,3,145.36,436.08
934,Enchanted Boots,Shadow Isles,Mobile,Tuesday,4,46.95,187.8
935,Rune Earrings,Northern Realms,Desktop,Sunday,4,47.19,188.76
936,Crystal Cloak,Northern Realms,Mobile,Wednesday,4,139.4,557.6
937,Crystal Cloak,Shadow Isles,Tablet,Saturday,4,83.15,332.6
938,Crystal Cloak,Northern Realms,Desktop,Friday,3,32.9,98.7
939,Crystal Cloak,Elven Glade,Desktop,Wednesday,4,99.77,399.08
940,Crystal Cloak,Elven Glade,Mobile,Monday,6,100.23,601.38
941,Moonlight Gown,Shadow Isles,Desktop,Friday,1,33.06,33.06
942,Rune Earrings,Elven Glade,Mobile,Wednesday,2,146.57,293.14
943,Enchanted Boots,Elven Glade,Mobile,Thursday,4,93.0,372.0
944,Enchanted Boots,Sky Cities,Mobile,Friday,2,94.97,189.94
945,Enchanted Boots,Sky Cities,Desktop,Friday,1,90.01,90.01
946,Enchanted Boots,Elven Glade,Mobile,Tuesday,2,101.34,202.68
947,Moonlight Gown,Shadow Isles,Mobile,Thursday,4,58.04,232.16
948,Wand Satchel,Sky Cities,Tablet,Monday,4,60.91,243.64
949,Rune Earrings,Northern Realms,Desktop,Saturday,4,88.92,355.68
950,Crystal Cloak,Northern Realms,Mobile,Sunday,3,125.84,377.52
951,Wand Satchel,Northern Realms,Mobile,Wednesday,3,31.23,93.69
952,Enchanted Boots,Shadow Isles,Desktop,Tuesday,3,100.43,301.29
953,Wand Satchel,Elven Glade,Mobile,Wednesday,4,125.85,503.4
954,Rune Earrings,Northern Realms,Mobile,Monday,3,44.61,133.83
955,Crystal Cloak,Shadow Isles,Mobile,Monday,2,26.88,53.76
956,Crystal Cloak,Sky Cities,Tablet,Friday,3,64.09,192.27
957,Rune Earrings,Elven Glade,Desktop,Sunday,4,98.52,394.08
958,Rune Earrings,Sky Cities,Desktop,Monday,2,42.29,84.58
959,Enchanted Boots,Shadow Isles,Desktop,Wednesday,4,78.27,313.08
960,Crystal Cloak,Northern Realms,Mobile,Thursday,2,94.04,188.08
961,Wand Satchel,Northern Realms,Mobile,Thursday,2,99.86,199.72
962,Moonlight Gown,Shadow Isles,Mobile,Friday,1,59.3,59.3
963,Moonlight Gown,Northern Realms,Mobile,Saturday,2,75.0,150.0
964,Rune Earrings,Elven Glade,Mobile,Wednesday,2,122.29,244.58
965,Enchanted Boots,Shadow Isles,Desktop,Wednesday,1,142.65,142.65
966,Moonlight Gown,Sky Cities,Desktop,Monday,1,132.74,132.74
967,Crystal Cloak,Shadow Isles,Desktop,Sunday,2,95.54,191.08
968,Rune Earrings,Elven Glade,Mobile,Wednesday,2,76.29,152.58
969,Wand Satchel,Elven Glade,Desktop,Tuesday,3,66.62,199.86
970,Rune Earrings,Shadow Isles,Desktop,Saturday,1,40.62,40.62
971,Wand Satchel,Shadow Isles,Mobile,Monday,3,38.32,114.96
972,Rune Earrings,Northern Realms,Desktop,Tuesday,1,111.04,111.04
973,Rune Earrings,Elven Glade,Mobile,Friday,3,57.47,172.41
974,Rune Earrings,Shadow Isles,Mobile,Thursday,5,56.83,284.15
975,Wand Satchel,Shadow Isles,Mobile,Friday,1,149.77,149.77
976,Wand Satchel,Elven Glade,Mobile,Thursday,2,48.49,96.98
977,Rune Earrings,Shadow Isles,Mobile,Friday,4,43.51,174.04
978,Moonlight Gown,Northern Realms,Desktop,Wednesday,4,37.34,149.36
979,Enchanted Boots,Elven Glade,Tablet,Tuesday,1,97.48,97.48
980,Enchanted Boots,Northern Realms,Desktop,Thursday,2,103.48,206.96
981,Enchanted Boots,Northern Realms,Desktop,Monday,4,70.65,282.6
982,Wand Satchel,Northern Realms,Mobile,Tuesday,2,91.93,183.86
983,Wand Satchel,Northern Realms,Desktop,Monday,5,123.55,617.75
984,Moonlight Gown,Elven Glade,Mobile,Tuesday,1,127.26,127.26
985,Enchanted Boots,Northern Realms,Mobile,Tuesday,3,144.74,434.22
986,Enchanted Boots,Northern Realms,Mobile,Friday,1,128.03,128.03
987,Rune Earrings,Shadow Isles,Mobile,Thursday,2,95.61,191.22
988,Wand Satchel,Elven Glade,Mobile,Thursday,3,47.46,142.38
989,Enchanted Boots,Elven Glade,Mobile,Sunday,1,37.47,37.47
990,Moonlight Gown,Sky Cities,Mobile,Tuesday,5,31.81,159.05
991,Moonlight Gown,Elven Glade,Tablet,Wednesday,3,108.32,324.96
992,Enchanted Boots,Elven Glade,Mobile,Wednesday,3,125.94,377.82
993,Wand Satchel,Sky Cities,Mobile,Monday,1,88.59,88.59
994,Moonlight Gown,Elven Glade,Mobile,Monday,3,31.84,95.52
995,Rune Earrings,Elven Glade,Desktop,Friday,3,91.93,275.79
996,Moonlight Gown,Elven Glade,Mobile,Tuesday,1,141.97,141.97
997,Crystal Cloak,Elven Glade,Mobile,Monday,1,99.7,99.7
998,Crystal Cloak,Sky Cities,Mobile,Monday,2,126.18,252.36
999,Wand Satchel,Elven Glade,Mobile,Saturday,4,125.02,500.08
1000,Enchanted Boots,Elven Glade,Mobile,Tuesday,2,141.52,283.04
