PostID,Platform,HourPosted,Hashtag,Season,Likes,Comments,Shares,Sentiment
1,TikTok,22,#Starbucks,Fall,59,12,7,negative
2,Twitter,2,#Frappuccino,Spring,45,15,5,neutral
3,TikTok,18,#PSL,Spring,45,6,4,negative
4,TikTok,7,#Frappuccino,Spring,39,12,2,neutral
5,Twitter,4,#CoffeeLover,Spring,48,8,9,positive
6,Twitter,3,#Frappuccino,Winter,49,9,9,negative
7,TikTok,23,#CoffeeLover,Summer,53,6,8,negative
8,Instagram,5,#CoffeeLover,Winter,43,13,6,negative
9,TikTok,1,#CoffeeLover,Fall,48,13,8,positive
10,TikTok,19,#CoffeeLover,Winter,47,10,4,neutral
11,TikTok,10,#CoffeeLover,Winter,55,12,7,positive
12,TikTok,3,#PSL,Fall,57,6,6,positive
13,Twitter,14,#Starbucks,Spring,63,15,6,neutral
14,TikTok,5,#IcedLatte,Spring,49,8,7,negative
15,Instagram,21,#Starbucks,Spring,38,8,2,neutral
16,Twitter,16,#CoffeeLover,Summer,53,2,7,negative
17,Instagram,23,#PSL,Fall,56,11,6,positive
18,Instagram,5,#Frappuccino,Fall,39,8,6,positive
19,Instagram,18,#PSL,Winter,58,8,6,neutral
20,Instagram,1,#CoffeeLover,Summer,66,8,5,positive
21,Twitter,14,#PSL,Spring,55,10,7,negative
22,Twitter,10,#PSL,Summer,61,12,5,positive
23,Instagram,7,#CoffeeLover,Fall,56,14,9,positive
24,Instagram,18,#PSL,Fall,45,10,6,neutral
25,Twitter,12,#IcedLatte,Winter,41,9,5,positive
26,Twitter,11,#IcedLatte,Winter,51,9,3,negative
27,Twitter,4,#PSL,Fall,47,7,10,positive
28,TikTok,5,#Frappuccino,Spring,43,9,3,positive
29,TikTok,21,#CoffeeLover,Spring,46,14,4,negative
30,TikTok,3,#IcedLatte,Summer,55,11,4,positive
31,Instagram,18,#Frappuccino,Fall,53,7,5,negative
32,TikTok,19,#PSL,Fall,51,11,8,positive
33,Instagram,0,#Frappuccino,Spring,51,8,2,positive
34,Instagram,19,#Starbucks,Spring,54,8,12,negative
35,TikTok,16,#IcedLatte,Fall,58,8,4,negative
36,Instagram,11,#PSL,Winter,45,5,2,positive
37,TikTok,14,#CoffeeLover,Fall,42,5,3,neutral
38,TikTok,0,#PSL,Fall,52,10,1,negative
39,Twitter,13,#CoffeeLover,Spring,36,4,8,positive
40,TikTok,5,#PSL,Spring,44,7,8,positive
41,Twitter,4,#Frappuccino,Winter,53,10,6,neutral
42,TikTok,10,#Frappuccino,Winter,51,12,3,positive
43,TikTok,3,#Frappuccino,Summer,43,9,5,positive
44,Twitter,12,#Starbucks,Fall,52,8,5,negative
45,Twitter,10,#CoffeeLover,Spring,58,12,5,positive
46,TikTok,2,#Frappuccino,Winter,50,6,3,negative
47,Instagram,0,#Starbucks,Summer,42,7,9,neutral
48,Twitter,5,#CoffeeLover,Summer,46,8,6,neutral
49,Instagram,17,#PSL,Spring,51,14,7,neutral
50,Instagram,23,#Starbucks,Spring,54,12,5,positive
51,Instagram,9,#IcedLatte,Summer,63,8,4,positive
52,Twitter,4,#Starbucks,Winter,44,6,4,positive
53,Instagram,22,#Starbucks,Summer,48,7,3,neutral
54,Twitter,9,#CoffeeLover,Fall,56,16,11,positive
55,Instagram,11,#PSL,Fall,52,9,4,positive
56,TikTok,1,#IcedLatte,Spring,56,9,6,negative
57,TikTok,12,#Frappuccino,Winter,42,8,8,negative
58,Twitter,7,#Frappuccino,Winter,51,9,4,positive
59,TikTok,1,#Starbucks,Fall,50,9,10,positive
60,TikTok,19,#CoffeeLover,Summer,54,11,4,neutral
61,Instagram,0,#CoffeeLover,Spring,48,21,6,negative
62,Twitter,4,#Frappuccino,Summer,40,9,6,positive
63,Instagram,8,#IcedLatte,Summer,50,13,5,positive
64,Instagram,16,#PSL,Summer,66,9,4,negative
65,Instagram,8,#IcedLatte,Winter,44,7,7,negative
66,Instagram,10,#PSL,Fall,62,8,3,neutral
67,Instagram,14,#Frappuccino,Winter,43,7,6,positive
68,Instagram,23,#PSL,Fall,55,3,5,positive
69,Instagram,5,#CoffeeLover,Spring,54,9,2,neutral
70,Twitter,22,#Starbucks,Spring,48,11,5,positive
71,TikTok,2,#Starbucks,Summer,56,10,1,positive
72,Instagram,16,#Frappuccino,Fall,44,8,3,positive
73,Instagram,4,#CoffeeLover,Fall,52,10,6,neutral
74,Instagram,11,#IcedLatte,Fall,56,7,6,neutral
75,Instagram,17,#CoffeeLover,Summer,51,16,12,negative
76,Instagram,13,#Starbucks,Summer,42,8,3,neutral
77,Instagram,20,#Starbucks,Spring,57,12,4,negative
78,TikTok,23,#CoffeeLover,Winter,44,11,3,negative
79,TikTok,10,#CoffeeLover,Fall,60,13,4,positive
80,Instagram,8,#Starbucks,Fall,61,8,0,positive
81,TikTok,1,#IcedLatte,Winter,50,6,7,neutral
82,Twitter,11,#Frappuccino,Fall,50,10,7,positive
83,Instagram,2,#Frappuccino,Summer,39,8,3,negative
84,Twitter,2,#CoffeeLover,Summer,35,14,4,positive
85,Twitter,0,#Frappuccino,Fall,45,9,6,positive
86,Instagram,7,#Starbucks,Summer,51,12,4,neutral
87,TikTok,21,#Starbucks,Summer,55,16,3,neutral
88,Twitter,7,#CoffeeLover,Fall,67,10,4,neutral
89,Instagram,10,#CoffeeLover,Spring,54,5,7,neutral
90,Twitter,8,#CoffeeLover,Winter,49,7,5,positive
91,Twitter,4,#IcedLatte,Summer,51,8,4,positive
92,Twitter,13,#Frappuccino,Spring,46,10,11,negative
93,Twitter,2,#CoffeeLover,Summer,41,11,2,positive
94,TikTok,20,#PSL,Summer,61,6,4,positive
95,Twitter,4,#PSL,Winter,48,7,5,positive
96,Twitter,4,#Starbucks,Summer,51,4,4,positive
97,Twitter,18,#Frappuccino,Winter,45,13,4,neutral
98,TikTok,13,#CoffeeLover,Winter,52,10,1,neutral
99,Twitter,3,#PSL,Winter,53,7,2,neutral
100,Twitter,12,#Frappuccino,Spring,46,12,9,neutral
101,TikTok,9,#Starbucks,Fall,49,11,6,positive
102,TikTok,17,#IcedLatte,Spring,58,4,7,positive
103,TikTok,7,#Frappuccino,Fall,55,10,6,positive
104,Twitter,7,#Frappuccino,Fall,47,11,4,positive
105,TikTok,6,#IcedLatte,Winter,50,11,10,positive
106,TikTok,7,#Frappuccino,Summer,33,7,3,positive
107,Twitter,13,#Starbucks,Winter,63,15,9,neutral
108,TikTok,18,#Starbucks,Summer,51,10,0,neutral
109,Twitter,5,#IcedLatte,Fall,52,12,8,negative
110,Instagram,0,#CoffeeLover,Winter,47,13,7,neutral
111,TikTok,22,#PSL,Summer,43,9,1,positive
112,Instagram,14,#CoffeeLover,Spring,60,9,3,positive
113,Twitter,0,#Frappuccino,Summer,43,4,4,positive
114,TikTok,16,#PSL,Winter,55,14,4,positive
115,Twitter,0,#IcedLatte,Spring,48,12,5,positive
116,Instagram,14,#IcedLatte,Summer,52,7,8,positive
117,Twitter,22,#PSL,Summer,57,13,8,neutral
118,TikTok,1,#Starbucks,Summer,45,16,4,neutral
119,TikTok,13,#PSL,Summer,48,11,1,neutral
120,Instagram,20,#Frappuccino,Summer,56,16,7,positive
121,Twitter,7,#Starbucks,Spring,41,12,3,neutral
122,TikTok,7,#IcedLatte,Fall,48,17,2,neutral
123,Instagram,18,#PSL,Spring,50,14,7,neutral
124,TikTok,6,#CoffeeLover,Spring,53,3,2,positive
125,TikTok,18,#CoffeeLover,Spring,47,4,8,neutral
126,Twitter,5,#Frappuccino,Fall,53,5,6,neutral
127,TikTok,5,#CoffeeLover,Winter,51,5,4,positive
128,Twitter,2,#PSL,Fall,54,6,6,positive
129,TikTok,6,#PSL,Spring,42,13,5,positive
130,Instagram,18,#CoffeeLover,Summer,39,15,3,neutral
131,TikTok,7,#PSL,Summer,40,7,9,neutral
132,Twitter,9,#Frappuccino,Spring,58,8,5,positive
133,Twitter,19,#Starbucks,Summer,29,13,5,positive
134,Instagram,14,#Frappuccino,Spring,41,12,6,negative
135,TikTok,14,#Frappuccino,Summer,53,12,5,positive
136,TikTok,0,#PSL,Fall,40,6,4,positive
137,Instagram,19,#Starbucks,Winter,54,7,3,positive
138,TikTok,6,#PSL,Winter,51,14,2,neutral
139,TikTok,3,#IcedLatte,Fall,50,12,6,neutral
140,Twitter,5,#PSL,Fall,48,14,3,positive
141,TikTok,0,#PSL,Spring,40,12,4,negative
142,TikTok,4,#PSL,Spring,52,6,6,neutral
143,Instagram,22,#Starbucks,Spring,39,11,4,positive
144,Instagram,0,#PSL,Summer,50,6,7,neutral
145,Twitter,3,#Starbucks,Spring,51,10,9,positive
146,TikTok,21,#CoffeeLover,Fall,48,8,10,neutral
147,TikTok,1,#IcedLatte,Winter,50,6,7,positive
148,TikTok,9,#Starbucks,Summer,66,8,6,neutral
149,Twitter,4,#CoffeeLover,Spring,54,7,5,positive
150,Twitter,9,#Starbucks,Summer,46,13,4,negative
151,Instagram,0,#Starbucks,Summer,50,12,2,positive
152,Twitter,21,#IcedLatte,Spring,46,10,3,neutral
153,TikTok,5,#Frappuccino,Summer,53,10,4,positive
154,TikTok,12,#Frappuccino,Winter,42,13,10,negative
155,Twitter,14,#Starbucks,Fall,43,9,2,neutral
156,TikTok,3,#PSL,Fall,64,9,1,positive
157,TikTok,12,#CoffeeLover,Winter,60,13,4,negative
158,Twitter,23,#PSL,Summer,44,12,9,positive
159,Twitter,19,#PSL,Spring,38,4,6,neutral
160,TikTok,23,#Starbucks,Summer,54,7,10,neutral
161,TikTok,14,#Starbucks,Winter,43,14,6,positive
162,TikTok,7,#Starbucks,Summer,55,12,4,negative
163,Instagram,4,#Starbucks,Fall,56,14,4,positive
164,Instagram,14,#Frappuccino,Summer,46,9,9,positive
165,Instagram,3,#Starbucks,Winter,62,12,5,negative
166,Twitter,11,#Frappuccino,Fall,49,8,4,neutral
167,Instagram,12,#Frappuccino,Summer,39,5,2,positive
168,Twitter,1,#Starbucks,Summer,43,7,5,positive
169,Twitter,18,#IcedLatte,Fall,43,13,4,neutral
170,Instagram,18,#CoffeeLover,Spring,37,9,5,positive
171,Instagram,3,#PSL,Fall,50,14,2,negative
172,Instagram,3,#Frappuccino,Spring,53,5,6,neutral
173,TikTok,10,#CoffeeLover,Winter,54,10,5,positive
174,Instagram,4,#IcedLatte,Winter,52,9,4,positive
175,TikTok,19,#PSL,Fall,63,11,4,neutral
176,Twitter,10,#PSL,Fall,48,7,2,positive
177,TikTok,9,#Frappuccino,Winter,49,12,4,neutral
178,Instagram,7,#Starbucks,Spring,51,10,6,negative
179,Twitter,5,#IcedLatte,Winter,54,9,5,neutral
180,Twitter,5,#Frappuccino,Fall,51,9,7,positive
181,Twitter,7,#IcedLatte,Winter,54,16,1,positive
182,TikTok,22,#Starbucks,Fall,50,11,2,neutral
183,Instagram,14,#Starbucks,Fall,40,9,5,neutral
184,Twitter,13,#Frappuccino,Winter,52,8,6,neutral
185,Twitter,10,#Starbucks,Spring,64,6,8,positive
186,Twitter,11,#CoffeeLover,Summer,56,11,5,negative
187,TikTok,12,#PSL,Winter,47,15,9,positive
188,TikTok,7,#Frappuccino,Summer,53,9,1,neutral
189,Instagram,17,#IcedLatte,Winter,64,10,3,neutral
190,TikTok,0,#CoffeeLover,Summer,64,8,5,neutral
191,Twitter,14,#Frappuccino,Spring,55,5,4,positive
192,Instagram,7,#Starbucks,Spring,55,10,2,neutral
193,Twitter,10,#Starbucks,Winter,53,8,4,positive
194,Twitter,11,#Starbucks,Fall,55,5,2,neutral
195,TikTok,11,#Starbucks,Summer,60,10,3,positive
196,Instagram,3,#IcedLatte,Fall,57,12,9,positive
197,TikTok,15,#CoffeeLover,Fall,44,15,5,positive
198,TikTok,3,#PSL,Fall,54,6,2,negative
199,Instagram,4,#IcedLatte,Spring,43,11,6,neutral
200,Twitter,23,#IcedLatte,Winter,57,11,6,neutral
201,Twitter,4,#PSL,Winter,61,9,6,neutral
202,Instagram,7,#PSL,Spring,47,6,4,negative
203,Twitter,9,#Starbucks,Spring,47,9,8,positive
204,Instagram,16,#IcedLatte,Winter,43,14,5,neutral
205,Instagram,8,#Frappuccino,Fall,52,9,8,neutral
206,TikTok,21,#PSL,Summer,46,13,9,positive
207,Instagram,18,#PSL,Summer,47,4,5,positive
208,TikTok,13,#CoffeeLover,Summer,45,9,6,positive
209,Twitter,7,#Frappuccino,Fall,48,10,6,positive
210,Twitter,8,#Frappuccino,Winter,45,7,6,positive
211,Twitter,21,#PSL,Spring,48,13,6,positive
212,Twitter,10,#Starbucks,Winter,57,7,2,neutral
213,TikTok,22,#CoffeeLover,Fall,59,4,2,positive
214,Twitter,0,#Frappuccino,Spring,56,10,6,positive
215,Instagram,13,#PSL,Fall,59,17,8,negative
216,Instagram,4,#Frappuccino,Summer,58,9,6,neutral
217,Instagram,20,#CoffeeLover,Summer,51,13,8,positive
218,TikTok,13,#CoffeeLover,Fall,56,12,5,neutral
219,Twitter,3,#IcedLatte,Spring,50,12,6,positive
220,Twitter,21,#PSL,Spring,52,10,8,positive
221,Twitter,22,#CoffeeLover,Winter,52,8,2,positive
222,TikTok,0,#IcedLatte,Summer,49,12,8,negative
223,Instagram,21,#IcedLatte,Winter,43,7,2,neutral
224,Instagram,22,#Frappuccino,Winter,55,10,8,neutral
225,Twitter,18,#Frappuccino,Fall,48,11,3,negative
226,Instagram,7,#IcedLatte,Fall,40,11,9,negative
227,Instagram,14,#Frappuccino,Winter,55,14,7,neutral
228,TikTok,20,#CoffeeLover,Summer,58,9,7,neutral
229,TikTok,14,#Starbucks,Fall,57,10,4,positive
230,TikTok,8,#CoffeeLover,Winter,63,10,8,positive
231,TikTok,20,#IcedLatte,Winter,51,9,3,neutral
232,Twitter,8,#IcedLatte,Winter,55,12,5,neutral
233,TikTok,9,#CoffeeLover,Winter,59,12,3,negative
234,Instagram,19,#Frappuccino,Winter,44,13,4,positive
235,Twitter,20,#Frappuccino,Winter,56,4,2,neutral
236,Instagram,8,#IcedLatte,Fall,47,8,2,neutral
237,Instagram,2,#PSL,Summer,44,11,5,positive
238,Instagram,19,#Frappuccino,Winter,61,13,9,neutral
239,TikTok,10,#CoffeeLover,Spring,58,12,6,neutral
240,TikTok,5,#Frappuccino,Fall,50,17,5,positive
241,Twitter,1,#CoffeeLover,Fall,60,7,1,neutral
242,Twitter,6,#IcedLatte,Winter,49,13,6,positive
243,TikTok,17,#Frappuccino,Fall,49,11,6,positive
244,Instagram,1,#CoffeeLover,Winter,55,10,3,neutral
245,Twitter,16,#IcedLatte,Summer,50,7,4,positive
246,TikTok,10,#PSL,Summer,55,13,4,positive
247,TikTok,11,#CoffeeLover,Fall,51,15,4,positive
248,TikTok,18,#PSL,Fall,46,8,5,positive
249,Instagram,21,#PSL,Spring,47,16,7,positive
250,TikTok,23,#Starbucks,Fall,40,15,7,positive
251,TikTok,6,#Frappuccino,Spring,52,14,5,neutral
252,TikTok,19,#CoffeeLover,Summer,43,7,13,negative
253,TikTok,5,#PSL,Summer,42,7,8,positive
254,Twitter,20,#Starbucks,Winter,45,12,2,positive
255,Twitter,23,#IcedLatte,Summer,55,10,3,positive
256,TikTok,0,#CoffeeLover,Spring,54,8,5,positive
257,Instagram,16,#PSL,Fall,56,10,9,neutral
258,Twitter,10,#Frappuccino,Winter,46,5,7,negative
259,TikTok,21,#Starbucks,Spring,51,9,6,negative
260,Twitter,17,#PSL,Fall,65,14,7,positive
261,Twitter,20,#Frappuccino,Winter,50,5,5,negative
262,Instagram,16,#PSL,Summer,49,6,6,positive
263,TikTok,6,#CoffeeLover,Spring,50,9,4,neutral
264,TikTok,16,#CoffeeLover,Fall,56,7,3,neutral
265,Instagram,19,#CoffeeLover,Winter,56,6,7,neutral
266,Instagram,8,#Starbucks,Winter,59,10,6,positive
267,TikTok,16,#CoffeeLover,Summer,48,9,4,positive
268,TikTok,19,#Frappuccino,Fall,44,7,5,neutral
269,Instagram,21,#PSL,Summer,60,10,5,positive
270,Twitter,21,#IcedLatte,Summer,54,7,3,positive
271,Twitter,7,#Frappuccino,Fall,49,15,2,neutral
272,Instagram,16,#Frappuccino,Fall,43,13,1,positive
273,Twitter,6,#CoffeeLover,Fall,45,10,3,neutral
274,Instagram,0,#Starbucks,Spring,50,5,2,positive
275,Twitter,12,#PSL,Fall,48,7,6,negative
276,Twitter,22,#Starbucks,Winter,53,10,4,positive
277,TikTok,18,#PSL,Summer,45,8,4,negative
278,TikTok,23,#PSL,Spring,43,6,7,positive
279,Twitter,18,#Starbucks,Fall,58,8,4,neutral
280,Twitter,16,#Frappuccino,Spring,33,12,3,negative
281,TikTok,12,#PSL,Fall,37,10,4,positive
282,TikTok,15,#Starbucks,Spring,52,6,4,positive
283,TikTok,7,#PSL,Summer,47,6,5,positive
284,Instagram,18,#IcedLatte,Summer,33,13,6,positive
285,Twitter,17,#Frappuccino,Winter,63,9,3,neutral
286,TikTok,0,#CoffeeLover,Winter,47,7,4,positive
287,Twitter,13,#PSL,Fall,39,13,3,negative
288,Instagram,18,#IcedLatte,Summer,34,4,2,neutral
289,Instagram,14,#CoffeeLover,Spring,48,10,0,positive
290,TikTok,17,#CoffeeLover,Spring,50,13,5,negative
291,Instagram,1,#PSL,Spring,54,7,4,positive
292,Twitter,21,#Starbucks,Winter,55,9,7,positive
293,TikTok,16,#PSL,Spring,53,10,1,positive
294,Twitter,17,#IcedLatte,Winter,48,15,3,neutral
295,Twitter,5,#CoffeeLover,Winter,45,3,5,positive
296,Instagram,18,#PSL,Fall,49,6,5,neutral
297,Instagram,3,#Starbucks,Spring,59,12,7,positive
298,Instagram,0,#PSL,Spring,56,7,2,negative
299,Instagram,7,#Frappuccino,Summer,48,10,4,neutral
300,Instagram,22,#Starbucks,Fall,48,9,4,positive
301,TikTok,6,#IcedLatte,Summer,43,10,4,neutral
302,Twitter,2,#CoffeeLover,Fall,55,11,6,neutral
303,Twitter,9,#PSL,Spring,51,14,8,positive
304,Twitter,9,#Starbucks,Winter,41,9,6,positive
305,Twitter,18,#Frappuccino,Winter,49,13,5,positive
306,Instagram,13,#Starbucks,Winter,49,6,3,negative
307,Twitter,1,#Frappuccino,Winter,51,8,2,neutral
308,TikTok,0,#IcedLatte,Winter,55,8,7,positive
309,TikTok,22,#CoffeeLover,Summer,51,18,3,positive
310,Twitter,22,#IcedLatte,Fall,49,12,6,positive
311,Twitter,17,#PSL,Spring,53,8,2,neutral
312,TikTok,6,#Starbucks,Summer,57,11,7,neutral
313,TikTok,7,#Frappuccino,Fall,56,10,4,negative
314,Instagram,0,#Frappuccino,Winter,41,12,9,positive
315,TikTok,22,#Starbucks,Fall,49,9,9,positive
316,Instagram,2,#Starbucks,Fall,48,8,3,positive
317,Instagram,23,#PSL,Winter,58,4,10,negative
318,Instagram,22,#IcedLatte,Winter,59,11,8,positive
319,Instagram,7,#Frappuccino,Winter,48,12,3,positive
320,Instagram,21,#PSL,Spring,50,9,6,neutral
321,Twitter,14,#IcedLatte,Winter,49,8,5,positive
322,TikTok,4,#PSL,Spring,39,15,4,positive
323,Instagram,2,#Frappuccino,Winter,57,11,1,neutral
324,TikTok,18,#Starbucks,Spring,57,11,3,positive
325,TikTok,0,#Starbucks,Fall,51,7,5,positive
326,Instagram,14,#IcedLatte,Summer,60,14,5,positive
327,Twitter,7,#CoffeeLover,Fall,48,10,7,positive
328,Instagram,1,#IcedLatte,Fall,38,16,2,positive
329,Twitter,2,#CoffeeLover,Winter,62,7,4,negative
330,TikTok,23,#PSL,Spring,46,16,4,positive
331,Twitter,13,#PSL,Summer,50,9,4,neutral
332,Twitter,23,#Frappuccino,Winter,64,14,8,positive
333,Twitter,13,#CoffeeLover,Winter,48,11,9,positive
334,TikTok,10,#Frappuccino,Winter,37,9,6,positive
335,TikTok,15,#Starbucks,Fall,55,8,3,positive
336,Twitter,3,#CoffeeLover,Spring,41,20,5,positive
337,Twitter,19,#IcedLatte,Spring,51,9,5,positive
338,Instagram,4,#Starbucks,Summer,47,10,4,neutral
339,Twitter,21,#Starbucks,Spring,52,9,3,positive
340,Instagram,20,#IcedLatte,Spring,49,11,2,negative
341,Twitter,13,#Starbucks,Winter,50,9,3,positive
342,Instagram,22,#CoffeeLover,Winter,49,12,3,positive
343,TikTok,15,#Frappuccino,Fall,50,14,6,positive
344,Twitter,17,#Starbucks,Winter,58,12,6,positive
345,Twitter,6,#CoffeeLover,Winter,59,6,2,neutral
346,Twitter,9,#PSL,Winter,63,15,2,neutral
347,Twitter,6,#CoffeeLover,Winter,35,6,3,positive
348,Instagram,0,#Frappuccino,Fall,74,14,10,positive
349,Twitter,22,#CoffeeLover,Winter,51,10,1,neutral
350,TikTok,20,#IcedLatte,Summer,57,12,4,positive
351,TikTok,18,#Frappuccino,Summer,43,7,3,positive
352,Twitter,15,#PSL,Summer,52,7,8,positive
353,TikTok,18,#IcedLatte,Summer,66,19,1,positive
354,Twitter,3,#CoffeeLover,Winter,54,16,8,positive
355,Twitter,17,#Frappuccino,Summer,42,11,8,negative
356,TikTok,1,#PSL,Winter,49,18,5,neutral
357,Twitter,0,#IcedLatte,Fall,61,10,9,neutral
358,TikTok,14,#PSL,Summer,52,7,5,positive
359,Instagram,4,#CoffeeLover,Spring,53,11,10,neutral
360,Twitter,19,#PSL,Summer,55,12,9,neutral
361,Instagram,10,#Starbucks,Summer,52,13,4,neutral
362,TikTok,9,#IcedLatte,Winter,36,8,5,positive
363,Instagram,1,#PSL,Summer,62,10,7,negative
364,Instagram,2,#CoffeeLover,Spring,44,7,8,positive
365,TikTok,22,#CoffeeLover,Winter,52,5,4,negative
366,Instagram,22,#PSL,Winter,47,13,2,positive
367,Instagram,11,#CoffeeLover,Fall,60,8,8,positive
368,TikTok,19,#Frappuccino,Fall,43,16,7,positive
369,Instagram,4,#Frappuccino,Summer,54,10,5,neutral
370,TikTok,4,#Frappuccino,Fall,52,13,9,positive
371,Instagram,5,#Starbucks,Fall,56,8,8,negative
372,TikTok,8,#PSL,Fall,47,13,6,negative
373,TikTok,1,#Starbucks,Winter,48,9,6,neutral
374,Instagram,20,#CoffeeLover,Winter,60,12,5,neutral
375,Instagram,11,#Starbucks,Winter,51,8,4,neutral
376,Instagram,2,#CoffeeLover,Fall,48,9,9,neutral
377,Twitter,19,#CoffeeLover,Winter,49,3,2,positive
378,Twitter,21,#IcedLatte,Fall,65,9,8,neutral
379,Twitter,11,#Frappuccino,Winter,49,9,5,negative
380,TikTok,23,#CoffeeLover,Winter,40,11,4,positive
381,Instagram,16,#IcedLatte,Spring,42,7,5,negative
382,TikTok,9,#Frappuccino,Summer,53,9,3,positive
383,Twitter,23,#CoffeeLover,Fall,47,10,8,positive
384,Instagram,13,#CoffeeLover,Spring,56,13,7,positive
385,TikTok,22,#Starbucks,Winter,39,13,4,positive
386,Instagram,16,#Starbucks,Fall,54,15,2,negative
387,TikTok,17,#Frappuccino,Winter,42,10,3,negative
388,Instagram,18,#CoffeeLover,Summer,56,6,2,neutral
389,Twitter,16,#PSL,Spring,46,7,7,negative
390,Twitter,13,#Starbucks,Summer,48,14,5,positive
391,Instagram,8,#Frappuccino,Spring,45,5,6,positive
392,TikTok,7,#CoffeeLover,Winter,43,12,2,neutral
393,Twitter,1,#CoffeeLover,Summer,53,8,6,negative
394,Twitter,12,#PSL,Summer,33,10,3,positive
395,Twitter,6,#Frappuccino,Winter,51,12,3,negative
396,Instagram,8,#CoffeeLover,Summer,64,12,3,neutral
397,Instagram,21,#Starbucks,Fall,50,10,6,negative
398,TikTok,21,#PSL,Spring,53,15,5,positive
399,TikTok,10,#Frappuccino,Spring,54,10,8,positive
400,TikTok,13,#PSL,Spring,40,12,4,neutral
401,Instagram,3,#Starbucks,Fall,40,13,5,neutral
402,Instagram,12,#Frappuccino,Spring,48,7,5,positive
403,TikTok,1,#PSL,Winter,57,8,7,negative
404,TikTok,22,#IcedLatte,Summer,55,7,6,negative
405,Instagram,4,#Starbucks,Fall,59,6,1,positive
406,TikTok,10,#Starbucks,Spring,55,12,2,positive
407,Twitter,5,#Starbucks,Winter,41,15,7,positive
408,Instagram,17,#IcedLatte,Summer,42,9,9,positive
409,TikTok,20,#IcedLatte,Summer,50,12,10,neutral
410,Instagram,9,#CoffeeLover,Fall,61,7,7,positive
411,Twitter,3,#PSL,Fall,52,9,7,neutral
412,Instagram,8,#CoffeeLover,Fall,47,14,2,neutral
413,Instagram,5,#PSL,Winter,60,12,5,positive
414,Instagram,1,#IcedLatte,Winter,55,11,5,neutral
415,Instagram,16,#IcedLatte,Fall,50,7,7,positive
416,Twitter,4,#CoffeeLover,Spring,52,11,5,positive
417,Instagram,5,#Frappuccino,Summer,53,12,6,neutral
418,Instagram,11,#CoffeeLover,Summer,35,14,4,negative
419,TikTok,22,#PSL,Winter,44,12,11,positive
420,Instagram,20,#CoffeeLover,Summer,51,13,5,positive
421,TikTok,9,#Starbucks,Spring,45,12,6,positive
422,Twitter,21,#PSL,Summer,52,12,3,positive
423,Twitter,20,#PSL,Winter,56,12,1,positive
424,Twitter,5,#Frappuccino,Winter,54,12,5,neutral
425,Twitter,7,#IcedLatte,Spring,56,16,5,positive
426,TikTok,1,#PSL,Spring,47,4,5,negative
427,Instagram,11,#IcedLatte,Summer,49,7,6,positive
428,Twitter,12,#CoffeeLover,Summer,56,11,1,negative
429,Instagram,20,#Starbucks,Winter,53,10,11,negative
430,TikTok,6,#Frappuccino,Spring,54,9,1,neutral
431,TikTok,9,#IcedLatte,Spring,56,14,5,positive
432,TikTok,12,#PSL,Spring,53,14,6,neutral
433,Twitter,16,#IcedLatte,Summer,56,8,5,neutral
434,Instagram,20,#PSL,Spring,46,10,5,negative
435,Instagram,13,#IcedLatte,Winter,54,5,3,neutral
436,Instagram,1,#PSL,Winter,43,7,5,positive
437,TikTok,21,#CoffeeLover,Summer,51,9,2,negative
438,Twitter,10,#PSL,Fall,43,7,7,negative
439,TikTok,0,#PSL,Summer,63,5,6,neutral
440,TikTok,18,#Starbucks,Fall,46,11,5,negative
441,Instagram,20,#PSL,Spring,49,15,4,neutral
442,TikTok,3,#Starbucks,Summer,45,17,4,neutral
443,Instagram,18,#Frappuccino,Winter,45,10,6,neutral
444,Twitter,20,#Starbucks,Spring,45,10,11,neutral
445,Instagram,10,#CoffeeLover,Winter,53,13,6,positive
446,Twitter,7,#Starbucks,Spring,53,5,4,neutral
447,Instagram,10,#Frappuccino,Summer,46,10,0,neutral
448,TikTok,3,#CoffeeLover,Fall,52,9,5,positive
449,TikTok,16,#IcedLatte,Spring,47,13,3,positive
450,Twitter,6,#IcedLatte,Fall,47,3,2,neutral
451,Twitter,7,#Starbucks,Spring,54,17,4,neutral
452,Twitter,2,#Starbucks,Winter,47,9,5,positive
453,Instagram,21,#Frappuccino,Winter,57,10,8,negative
454,Instagram,1,#Frappuccino,Spring,41,10,2,negative
455,Twitter,22,#PSL,Fall,58,20,4,positive
456,TikTok,14,#Frappuccino,Summer,49,8,9,positive
457,Instagram,23,#PSL,Summer,42,9,2,negative
458,Instagram,21,#CoffeeLover,Winter,54,7,5,negative
459,Instagram,21,#Starbucks,Summer,47,12,6,positive
460,Twitter,4,#CoffeeLover,Winter,62,9,6,positive
461,Twitter,23,#Frappuccino,Summer,61,7,6,positive
462,Twitter,0,#CoffeeLover,Spring,45,5,5,neutral
463,Twitter,3,#CoffeeLover,Winter,45,15,5,positive
464,Twitter,14,#CoffeeLover,Winter,64,8,5,neutral
465,TikTok,19,#Frappuccino,Spring,49,9,5,positive
466,TikTok,18,#CoffeeLover,Winter,44,15,2,negative
467,Twitter,2,#PSL,Summer,59,10,2,positive
468,Instagram,19,#Frappuccino,Summer,56,7,7,neutral
469,Twitter,10,#CoffeeLover,Winter,46,15,4,negative
470,TikTok,16,#Frappuccino,Summer,49,14,5,positive
471,TikTok,12,#IcedLatte,Fall,64,12,2,positive
472,Instagram,10,#PSL,Winter,42,9,4,neutral
473,TikTok,1,#CoffeeLover,Spring,40,11,6,positive
474,Twitter,8,#IcedLatte,Fall,66,14,3,negative
475,Instagram,1,#IcedLatte,Winter,55,13,6,positive
476,Twitter,20,#Frappuccino,Spring,52,4,3,positive
477,Twitter,8,#IcedLatte,Summer,47,9,9,negative
478,Instagram,8,#PSL,Spring,44,5,0,neutral
479,Twitter,7,#PSL,Fall,52,5,2,neutral
480,TikTok,16,#Starbucks,Summer,59,12,3,positive
481,Twitter,0,#PSL,Winter,54,12,9,positive
482,Instagram,10,#IcedLatte,Summer,51,9,4,negative
483,Instagram,7,#PSL,Winter,38,12,7,positive
484,Instagram,9,#Frappuccino,Winter,56,11,6,positive
485,Twitter,6,#Starbucks,Spring,37,11,9,positive
486,Instagram,2,#IcedLatte,Spring,39,11,4,positive
487,Instagram,2,#Starbucks,Spring,44,15,7,neutral
488,Twitter,17,#IcedLatte,Fall,56,12,3,negative
489,TikTok,4,#Frappuccino,Fall,52,8,5,neutral
490,Twitter,11,#Starbucks,Spring,44,11,4,neutral
491,Instagram,11,#CoffeeLover,Fall,57,5,2,neutral
492,Instagram,18,#IcedLatte,Summer,51,12,1,neutral
493,Twitter,5,#CoffeeLover,Summer,48,4,2,neutral
494,TikTok,1,#Starbucks,Fall,44,9,5,positive
495,Instagram,11,#CoffeeLover,Fall,40,8,5,positive
496,Instagram,18,#CoffeeLover,Summer,50,14,5,negative
497,Instagram,4,#Starbucks,Winter,41,8,8,positive
498,Twitter,11,#Frappuccino,Summer,61,5,6,positive
499,Instagram,16,#CoffeeLover,Summer,57,9,3,neutral
500,TikTok,16,#CoffeeLover,Fall,42,5,3,neutral
501,Instagram,9,#Frappuccino,Summer,47,11,5,neutral
502,Instagram,22,#CoffeeLover,Fall,51,9,3,positive
503,TikTok,16,#CoffeeLover,Fall,41,6,2,negative
504,Instagram,14,#CoffeeLover,Spring,56,9,6,neutral
505,Twitter,11,#PSL,Summer,45,8,6,negative
506,Twitter,15,#Frappuccino,Winter,37,10,6,positive
507,Twitter,23,#CoffeeLover,Spring,52,11,6,positive
508,TikTok,18,#Frappuccino,Fall,46,11,7,positive
509,Instagram,7,#IcedLatte,Fall,53,11,2,positive
510,Twitter,20,#IcedLatte,Winter,46,10,7,positive
511,TikTok,16,#CoffeeLover,Fall,58,3,4,positive
512,Instagram,22,#Frappuccino,Summer,44,12,5,neutral
513,TikTok,4,#Frappuccino,Spring,56,14,5,neutral
514,Twitter,21,#Frappuccino,Fall,54,11,5,neutral
515,Twitter,15,#PSL,Fall,44,11,4,positive
516,Twitter,5,#IcedLatte,Winter,64,9,4,positive
517,TikTok,7,#Frappuccino,Summer,46,14,3,positive
518,TikTok,17,#Frappuccino,Fall,49,15,3,positive
519,Twitter,11,#PSL,Winter,51,10,7,positive
520,TikTok,14,#PSL,Fall,45,12,5,positive
521,Twitter,8,#Frappuccino,Winter,45,8,4,negative
522,Twitter,12,#Starbucks,Winter,42,7,9,negative
523,Instagram,14,#Frappuccino,Summer,50,7,5,neutral
524,TikTok,9,#Frappuccino,Fall,39,8,5,negative
525,Twitter,15,#PSL,Summer,71,13,6,neutral
526,Twitter,6,#PSL,Winter,46,15,6,negative
527,TikTok,16,#Frappuccino,Spring,34,8,6,neutral
528,Instagram,22,#Frappuccino,Fall,47,9,4,neutral
529,Instagram,20,#Frappuccino,Spring,45,10,3,neutral
530,Twitter,21,#PSL,Fall,46,12,4,positive
531,TikTok,6,#Frappuccino,Summer,56,10,5,neutral
532,Instagram,13,#Frappuccino,Summer,49,11,2,negative
533,TikTok,14,#CoffeeLover,Summer,53,14,6,neutral
534,TikTok,20,#Starbucks,Summer,65,12,0,positive
535,Twitter,6,#IcedLatte,Summer,40,11,9,positive
536,Instagram,8,#Starbucks,Spring,50,11,3,negative
537,Twitter,18,#CoffeeLover,Summer,44,8,10,negative
538,Instagram,15,#IcedLatte,Winter,45,3,4,positive
539,Instagram,7,#Frappuccino,Winter,51,11,4,negative
540,Instagram,17,#CoffeeLover,Spring,55,12,7,negative
541,Instagram,22,#Frappuccino,Fall,46,17,5,positive
542,Instagram,17,#PSL,Winter,57,9,4,negative
543,TikTok,19,#CoffeeLover,Fall,41,7,10,positive
544,Twitter,6,#PSL,Spring,52,13,5,neutral
545,TikTok,2,#CoffeeLover,Fall,43,11,7,neutral
546,Instagram,17,#CoffeeLover,Fall,49,11,3,neutral
547,Twitter,9,#PSL,Fall,43,12,4,neutral
548,Instagram,6,#IcedLatte,Fall,60,11,3,positive
549,Twitter,16,#Starbucks,Spring,50,5,2,negative
550,TikTok,13,#Frappuccino,Winter,56,10,3,negative
551,Twitter,23,#CoffeeLover,Summer,51,6,6,neutral
552,Twitter,2,#Frappuccino,Fall,57,7,7,positive
553,Twitter,11,#PSL,Winter,54,9,5,positive
554,Twitter,12,#Frappuccino,Winter,57,9,3,positive
555,Twitter,1,#PSL,Spring,42,14,3,negative
556,Instagram,2,#Frappuccino,Winter,37,11,7,positive
557,Twitter,4,#Starbucks,Spring,46,11,3,negative
558,Twitter,10,#Starbucks,Fall,45,14,4,negative
559,TikTok,7,#Starbucks,Fall,43,12,7,neutral
560,Twitter,22,#Starbucks,Summer,56,10,4,neutral
561,TikTok,22,#Starbucks,Summer,44,11,2,neutral
562,Instagram,11,#Starbucks,Summer,47,15,3,neutral
563,Twitter,6,#PSL,Winter,51,12,2,positive
564,TikTok,14,#CoffeeLover,Fall,55,9,8,negative
565,TikTok,23,#Frappuccino,Spring,50,7,6,neutral
566,Instagram,16,#Starbucks,Summer,39,8,12,neutral
567,Twitter,3,#PSL,Spring,42,10,4,neutral
568,Twitter,21,#PSL,Spring,46,12,3,positive
569,TikTok,12,#PSL,Summer,38,8,1,positive
570,Twitter,17,#CoffeeLover,Fall,43,12,6,negative
571,TikTok,0,#Frappuccino,Summer,53,12,2,positive
572,Twitter,15,#CoffeeLover,Spring,45,8,4,neutral
573,TikTok,12,#IcedLatte,Summer,53,8,4,positive
574,Twitter,9,#PSL,Spring,56,10,5,positive
575,Instagram,11,#IcedLatte,Spring,50,8,4,positive
576,Twitter,1,#Starbucks,Summer,51,11,5,negative
577,Twitter,22,#Starbucks,Winter,43,9,7,neutral
578,Instagram,2,#CoffeeLover,Summer,61,7,6,neutral
579,Twitter,9,#Frappuccino,Winter,55,8,4,negative
580,Instagram,1,#IcedLatte,Spring,48,10,5,positive
581,Twitter,22,#Frappuccino,Spring,42,6,3,positive
582,TikTok,12,#CoffeeLover,Winter,52,4,1,neutral
583,TikTok,12,#Starbucks,Spring,57,16,4,neutral
584,Twitter,17,#Frappuccino,Winter,46,14,5,positive
585,Twitter,2,#Frappuccino,Winter,40,9,6,negative
586,Twitter,6,#Starbucks,Spring,53,12,4,negative
587,TikTok,13,#IcedLatte,Fall,57,7,5,positive
588,Twitter,19,#Starbucks,Winter,51,11,7,positive
589,TikTok,16,#Frappuccino,Summer,51,9,5,negative
590,Instagram,20,#IcedLatte,Summer,50,15,5,positive
591,TikTok,11,#IcedLatte,Spring,42,7,9,positive
592,TikTok,15,#Starbucks,Fall,56,10,3,neutral
593,Instagram,23,#Frappuccino,Spring,56,13,5,positive
594,TikTok,11,#CoffeeLover,Fall,49,5,3,positive
595,Twitter,14,#Frappuccino,Winter,53,10,5,positive
596,Twitter,9,#PSL,Winter,53,11,4,neutral
597,TikTok,6,#CoffeeLover,Winter,48,7,3,neutral
598,Twitter,19,#IcedLatte,Winter,41,10,7,positive
599,TikTok,4,#CoffeeLover,Summer,52,20,5,positive
600,Twitter,0,#IcedLatte,Summer,44,4,3,neutral
601,Twitter,16,#IcedLatte,Spring,50,12,3,negative
602,TikTok,2,#CoffeeLover,Fall,53,13,6,negative
603,Twitter,12,#IcedLatte,Winter,57,4,7,positive
604,TikTok,13,#IcedLatte,Winter,50,11,7,neutral
605,Twitter,23,#PSL,Fall,45,9,4,neutral
606,Twitter,17,#Frappuccino,Fall,69,7,4,negative
607,Instagram,3,#Frappuccino,Spring,42,12,1,neutral
608,Instagram,17,#PSL,Fall,65,10,4,positive
609,TikTok,4,#CoffeeLover,Winter,47,12,3,neutral
610,Instagram,15,#Starbucks,Winter,65,15,2,positive
611,TikTok,0,#Starbucks,Winter,53,7,6,positive
612,Instagram,20,#Starbucks,Winter,44,9,2,neutral
613,Twitter,13,#PSL,Winter,43,11,6,negative
614,TikTok,14,#PSL,Spring,54,6,6,positive
615,TikTok,8,#IcedLatte,Winter,52,12,6,neutral
616,Twitter,14,#Starbucks,Spring,40,9,6,positive
617,TikTok,16,#CoffeeLover,Winter,53,9,6,negative
618,TikTok,23,#CoffeeLover,Summer,58,8,5,neutral
619,Instagram,3,#Starbucks,Summer,56,16,7,positive
620,TikTok,11,#Starbucks,Summer,55,13,7,positive
621,Twitter,4,#Starbucks,Summer,53,11,9,positive
622,Instagram,4,#PSL,Spring,48,11,5,positive
623,Instagram,10,#PSL,Spring,52,10,4,positive
624,Twitter,5,#PSL,Fall,51,14,7,neutral
625,Twitter,6,#Frappuccino,Winter,41,10,5,positive
626,Instagram,23,#CoffeeLover,Summer,59,8,5,neutral
627,TikTok,13,#CoffeeLover,Spring,55,7,4,positive
628,Instagram,23,#IcedLatte,Winter,46,13,9,neutral
629,Twitter,10,#PSL,Winter,52,8,5,positive
630,Instagram,12,#Frappuccino,Spring,44,10,6,positive
631,Twitter,1,#Frappuccino,Summer,46,9,0,neutral
632,Instagram,6,#CoffeeLover,Fall,49,9,6,positive
633,TikTok,19,#PSL,Winter,58,7,8,negative
634,Instagram,3,#IcedLatte,Fall,62,8,4,neutral
635,Instagram,7,#PSL,Summer,50,7,6,neutral
636,Twitter,19,#Starbucks,Summer,60,10,3,positive
637,Twitter,21,#PSL,Fall,45,7,3,positive
638,Twitter,20,#Starbucks,Summer,60,12,7,positive
639,Instagram,18,#Starbucks,Winter,46,10,4,neutral
640,TikTok,12,#IcedLatte,Fall,41,12,2,positive
641,Twitter,13,#CoffeeLover,Summer,51,11,1,positive
642,Twitter,9,#PSL,Fall,48,14,7,positive
643,Instagram,10,#Starbucks,Winter,48,9,2,positive
644,Twitter,1,#PSL,Summer,41,12,5,positive
645,TikTok,8,#CoffeeLover,Winter,48,9,6,positive
646,TikTok,16,#CoffeeLover,Summer,49,11,7,positive
647,Twitter,2,#Frappuccino,Spring,49,9,5,positive
648,Twitter,23,#CoffeeLover,Summer,50,5,5,positive
649,Instagram,5,#IcedLatte,Fall,52,11,8,neutral
650,TikTok,4,#Starbucks,Summer,47,18,5,positive
651,TikTok,4,#Frappuccino,Winter,53,10,6,positive
652,Twitter,21,#IcedLatte,Winter,51,11,3,positive
653,Instagram,14,#PSL,Summer,57,10,9,positive
654,TikTok,22,#Starbucks,Fall,56,10,5,positive
655,TikTok,16,#CoffeeLover,Spring,56,8,5,negative
656,Instagram,8,#Starbucks,Fall,50,10,7,negative
657,Instagram,2,#PSL,Spring,44,13,4,positive
658,TikTok,19,#Frappuccino,Winter,51,11,6,negative
659,TikTok,16,#Frappuccino,Fall,45,9,4,positive
660,Instagram,9,#Frappuccino,Spring,45,11,5,positive
661,TikTok,2,#CoffeeLover,Summer,53,9,6,negative
662,Twitter,17,#IcedLatte,Winter,36,16,2,negative
663,Twitter,17,#IcedLatte,Summer,46,11,9,negative
664,Instagram,16,#Starbucks,Winter,50,8,2,positive
665,Instagram,23,#CoffeeLover,Fall,48,7,5,positive
666,Instagram,2,#Frappuccino,Fall,53,6,5,neutral
667,Twitter,2,#Frappuccino,Winter,41,11,2,neutral
668,TikTok,5,#PSL,Winter,56,9,5,positive
669,Twitter,12,#PSL,Winter,64,11,10,negative
670,TikTok,23,#Frappuccino,Fall,46,5,2,neutral
671,Twitter,14,#Frappuccino,Spring,54,10,4,positive
672,TikTok,8,#CoffeeLover,Summer,47,11,6,neutral
673,Twitter,3,#IcedLatte,Summer,57,7,7,neutral
674,Instagram,13,#PSL,Fall,52,10,7,positive
675,Twitter,4,#IcedLatte,Summer,57,18,3,negative
676,TikTok,1,#CoffeeLover,Winter,37,14,6,positive
677,Twitter,10,#Frappuccino,Spring,36,9,9,positive
678,Twitter,8,#IcedLatte,Summer,39,8,6,negative
679,Twitter,23,#Frappuccino,Spring,64,11,8,negative
680,Instagram,2,#Frappuccino,Winter,52,12,7,negative
681,Twitter,8,#Starbucks,Summer,48,8,4,negative
682,Instagram,2,#IcedLatte,Fall,48,8,3,neutral
683,Instagram,1,#IcedLatte,Spring,41,9,10,negative
684,Twitter,11,#Frappuccino,Winter,42,9,4,positive
685,Twitter,9,#CoffeeLover,Spring,50,12,3,neutral
686,Twitter,8,#Starbucks,Summer,59,5,10,neutral
687,TikTok,14,#Frappuccino,Summer,42,11,12,positive
688,Twitter,7,#PSL,Fall,54,13,2,neutral
689,Instagram,4,#PSL,Winter,39,7,3,neutral
690,Twitter,10,#Starbucks,Winter,45,8,2,neutral
691,TikTok,1,#CoffeeLover,Fall,51,6,8,positive
692,Twitter,23,#Frappuccino,Fall,52,9,3,negative
693,TikTok,14,#IcedLatte,Winter,51,8,7,positive
694,TikTok,5,#Starbucks,Spring,47,8,5,positive
695,Twitter,7,#CoffeeLover,Spring,50,7,6,negative
696,Instagram,4,#IcedLatte,Fall,49,12,2,neutral
697,TikTok,15,#PSL,Spring,43,10,4,positive
698,Twitter,17,#PSL,Winter,47,10,9,positive
699,Twitter,5,#IcedLatte,Summer,43,10,7,neutral
700,Instagram,4,#Starbucks,Summer,46,10,4,negative
701,TikTok,15,#PSL,Spring,52,10,3,negative
702,TikTok,12,#Frappuccino,Fall,49,11,1,neutral
703,Twitter,4,#IcedLatte,Fall,60,13,5,positive
704,Twitter,12,#IcedLatte,Fall,56,8,2,positive
705,Instagram,16,#PSL,Fall,47,9,7,positive
706,Instagram,17,#Starbucks,Fall,51,4,6,positive
707,TikTok,7,#Frappuccino,Spring,52,9,4,positive
708,TikTok,12,#Starbucks,Summer,40,12,6,positive
709,Twitter,18,#CoffeeLover,Summer,43,14,4,neutral
710,TikTok,2,#CoffeeLover,Spring,58,10,4,positive
711,Instagram,23,#PSL,Fall,49,9,5,neutral
712,Instagram,7,#PSL,Spring,45,11,4,negative
713,Twitter,1,#PSL,Summer,37,6,6,neutral
714,Instagram,7,#CoffeeLover,Winter,64,9,9,neutral
715,Instagram,12,#Starbucks,Spring,49,11,4,neutral
716,Instagram,12,#Starbucks,Fall,44,13,3,positive
717,Instagram,0,#PSL,Summer,42,11,6,positive
718,Twitter,5,#Frappuccino,Summer,45,8,5,positive
719,Twitter,23,#Starbucks,Summer,51,6,6,positive
720,TikTok,18,#CoffeeLover,Summer,53,5,2,neutral
721,Instagram,15,#IcedLatte,Fall,41,9,3,negative
722,TikTok,7,#IcedLatte,Winter,44,9,1,negative
723,Twitter,0,#IcedLatte,Summer,48,9,5,positive
724,Twitter,15,#Frappuccino,Spring,45,9,7,negative
725,Twitter,8,#PSL,Winter,49,11,3,positive
726,Twitter,12,#CoffeeLover,Summer,43,8,3,negative
727,Twitter,10,#Frappuccino,Winter,56,9,8,positive
728,Twitter,12,#CoffeeLover,Spring,61,6,3,positive
729,Twitter,20,#CoffeeLover,Summer,49,10,1,positive
730,Instagram,9,#PSL,Spring,52,8,5,negative
731,TikTok,3,#IcedLatte,Fall,49,10,12,positive
732,Twitter,5,#PSL,Summer,56,9,4,positive
733,Instagram,6,#Frappuccino,Summer,42,13,6,negative
734,Instagram,4,#Frappuccino,Summer,54,12,3,negative
735,TikTok,10,#Frappuccino,Summer,39,15,6,positive
736,Twitter,12,#PSL,Fall,54,10,8,neutral
737,TikTok,18,#CoffeeLover,Summer,35,13,7,positive
738,Twitter,22,#CoffeeLover,Winter,56,12,5,positive
739,Instagram,9,#Starbucks,Summer,53,9,3,positive
740,Instagram,9,#Frappuccino,Fall,40,9,5,positive
741,Instagram,10,#CoffeeLover,Summer,42,14,11,neutral
742,Instagram,20,#Starbucks,Winter,52,12,3,neutral
743,TikTok,6,#CoffeeLover,Fall,52,11,16,positive
744,Twitter,17,#Frappuccino,Fall,46,15,5,neutral
745,Twitter,3,#IcedLatte,Winter,49,15,0,neutral
746,TikTok,1,#Frappuccino,Winter,53,12,5,positive
747,Twitter,13,#PSL,Winter,46,9,5,positive
748,Instagram,12,#CoffeeLover,Winter,50,12,3,neutral
749,Twitter,11,#CoffeeLover,Winter,55,13,1,neutral
750,Instagram,6,#PSL,Fall,57,11,4,neutral
751,TikTok,1,#PSL,Fall,55,14,5,neutral
752,Twitter,12,#IcedLatte,Summer,50,11,2,positive
753,TikTok,13,#CoffeeLover,Summer,60,6,4,neutral
754,Twitter,16,#CoffeeLover,Spring,49,14,7,positive
755,Instagram,8,#IcedLatte,Summer,52,10,4,negative
756,TikTok,16,#Starbucks,Summer,36,10,6,neutral
757,Twitter,7,#IcedLatte,Winter,51,9,6,positive
758,Instagram,1,#Frappuccino,Winter,41,9,7,positive
759,TikTok,23,#CoffeeLover,Summer,47,9,8,negative
760,TikTok,12,#PSL,Spring,55,9,4,positive
761,Twitter,2,#Frappuccino,Winter,52,9,6,neutral
762,Twitter,15,#CoffeeLover,Summer,47,16,5,neutral
763,Twitter,5,#IcedLatte,Summer,53,20,6,neutral
764,Instagram,18,#Frappuccino,Fall,46,13,4,positive
765,Twitter,6,#CoffeeLover,Spring,37,15,2,neutral
766,TikTok,9,#Starbucks,Fall,45,11,2,negative
767,TikTok,8,#Starbucks,Spring,46,7,10,negative
768,Twitter,1,#PSL,Winter,48,10,2,neutral
769,Twitter,14,#CoffeeLover,Spring,50,10,4,negative
770,TikTok,4,#Starbucks,Summer,49,10,8,neutral
771,Instagram,21,#IcedLatte,Summer,62,9,3,positive
772,Twitter,3,#CoffeeLover,Spring,54,8,12,neutral
773,Twitter,19,#IcedLatte,Spring,46,8,2,positive
774,TikTok,3,#IcedLatte,Spring,61,12,3,positive
775,Twitter,17,#Starbucks,Fall,39,7,7,positive
776,Instagram,3,#CoffeeLover,Spring,39,12,3,negative
777,TikTok,16,#Frappuccino,Winter,51,13,6,neutral
778,Twitter,11,#Starbucks,Fall,47,8,4,neutral
779,TikTok,21,#Starbucks,Fall,44,12,4,positive
780,Twitter,16,#CoffeeLover,Spring,45,13,0,positive
781,Twitter,9,#CoffeeLover,Winter,40,13,9,positive
782,Twitter,21,#IcedLatte,Fall,46,5,5,neutral
783,Instagram,0,#CoffeeLover,Summer,57,4,1,positive
784,Instagram,21,#IcedLatte,Fall,46,15,5,positive
785,TikTok,23,#Starbucks,Spring,46,10,3,positive
786,Twitter,17,#PSL,Winter,42,12,3,neutral
787,Twitter,17,#Frappuccino,Spring,48,11,7,negative
788,Instagram,13,#Starbucks,Summer,52,11,9,neutral
789,Twitter,14,#CoffeeLover,Summer,37,11,5,positive
790,Instagram,11,#Frappuccino,Summer,42,15,5,positive
791,Twitter,3,#PSL,Spring,56,4,4,positive
792,TikTok,2,#PSL,Fall,52,11,2,positive
793,Twitter,19,#IcedLatte,Spring,47,8,6,positive
794,Twitter,11,#Frappuccino,Winter,48,11,8,positive
795,Instagram,6,#IcedLatte,Fall,46,8,6,positive
796,Twitter,10,#Starbucks,Summer,45,8,4,positive
797,Twitter,0,#Frappuccino,Spring,51,10,7,positive
798,Instagram,5,#Starbucks,Summer,53,11,7,neutral
799,TikTok,14,#IcedLatte,Summer,60,6,5,negative
800,TikTok,14,#Frappuccino,Winter,43,8,6,negative
801,Instagram,18,#IcedLatte,Fall,53,13,5,positive
802,Instagram,10,#Frappuccino,Winter,35,13,5,positive
803,Instagram,22,#IcedLatte,Winter,48,11,8,negative
804,Instagram,1,#PSL,Winter,61,9,7,positive
805,Instagram,13,#IcedLatte,Summer,50,8,4,negative
806,TikTok,1,#PSL,Winter,63,10,3,neutral
807,TikTok,3,#IcedLatte,Winter,57,6,6,negative
808,Instagram,16,#Frappuccino,Fall,48,14,4,negative
809,Twitter,2,#Frappuccino,Fall,60,7,8,neutral
810,Instagram,12,#Frappuccino,Winter,42,8,4,neutral
811,Twitter,8,#CoffeeLover,Fall,35,5,4,positive
812,Instagram,6,#Starbucks,Fall,53,8,12,positive
813,Instagram,14,#Frappuccino,Winter,47,9,3,positive
814,TikTok,22,#PSL,Summer,43,13,4,positive
815,Twitter,10,#Frappuccino,Winter,53,5,4,positive
816,Twitter,19,#CoffeeLover,Fall,62,10,4,positive
817,TikTok,1,#PSL,Summer,46,8,3,negative
818,TikTok,14,#CoffeeLover,Spring,41,8,3,positive
819,TikTok,13,#PSL,Summer,53,9,6,positive
820,TikTok,19,#IcedLatte,Fall,45,12,6,positive
821,Twitter,21,#Starbucks,Summer,38,13,5,neutral
822,Twitter,10,#Starbucks,Winter,50,11,6,positive
823,Instagram,2,#CoffeeLover,Spring,56,13,4,negative
824,Instagram,16,#Starbucks,Spring,61,10,6,neutral
825,TikTok,11,#CoffeeLover,Spring,59,6,5,neutral
826,TikTok,23,#CoffeeLover,Fall,35,9,4,positive
827,TikTok,20,#CoffeeLover,Fall,44,16,3,positive
828,Instagram,14,#Starbucks,Spring,46,9,3,negative
829,Instagram,15,#CoffeeLover,Summer,42,8,5,positive
830,Instagram,4,#Starbucks,Spring,49,9,2,positive
831,Instagram,19,#CoffeeLover,Summer,54,12,3,positive
832,Instagram,5,#Frappuccino,Summer,45,9,3,negative
833,Instagram,18,#CoffeeLover,Fall,52,6,3,positive
834,Instagram,4,#PSL,Summer,53,6,8,negative
835,TikTok,2,#CoffeeLover,Spring,53,9,3,positive
836,TikTok,0,#IcedLatte,Fall,44,3,4,neutral
837,TikTok,5,#CoffeeLover,Winter,43,14,9,neutral
838,TikTok,14,#PSL,Winter,54,10,5,positive
839,Instagram,1,#PSL,Fall,48,18,5,positive
840,Twitter,2,#Starbucks,Spring,46,4,4,positive
841,Instagram,16,#Frappuccino,Winter,63,11,4,positive
842,Twitter,23,#CoffeeLover,Winter,48,11,1,negative
843,TikTok,11,#Starbucks,Summer,41,9,2,positive
844,Instagram,17,#Frappuccino,Summer,41,4,7,neutral
845,TikTok,14,#CoffeeLover,Spring,46,12,4,positive
846,Instagram,11,#IcedLatte,Fall,37,9,5,positive
847,TikTok,15,#CoffeeLover,Spring,59,9,6,neutral
848,Twitter,7,#PSL,Fall,54,8,6,neutral
849,Twitter,13,#PSL,Winter,59,11,6,positive
850,Twitter,16,#IcedLatte,Summer,44,8,5,neutral
851,Instagram,20,#Starbucks,Spring,45,7,7,positive
852,Twitter,7,#Frappuccino,Spring,42,9,7,negative
853,Instagram,14,#CoffeeLover,Fall,49,13,5,positive
854,Twitter,13,#PSL,Fall,40,12,3,positive
855,Twitter,17,#Starbucks,Spring,36,5,10,neutral
856,Instagram,19,#IcedLatte,Fall,49,10,3,positive
857,Instagram,6,#PSL,Spring,59,3,8,positive
858,Twitter,2,#IcedLatte,Spring,49,15,4,positive
859,Instagram,11,#CoffeeLover,Spring,59,18,3,negative
860,Twitter,20,#Frappuccino,Winter,41,10,7,negative
861,Instagram,23,#PSL,Fall,53,8,5,neutral
862,TikTok,2,#PSL,Summer,46,6,7,positive
863,TikTok,19,#CoffeeLover,Summer,45,11,10,neutral
864,TikTok,13,#Starbucks,Fall,47,13,2,positive
865,TikTok,14,#Frappuccino,Spring,49,11,6,positive
866,TikTok,13,#PSL,Summer,39,12,3,negative
867,Twitter,6,#Frappuccino,Summer,50,8,6,positive
868,TikTok,16,#PSL,Fall,57,9,5,positive
869,TikTok,11,#Frappuccino,Summer,55,12,3,negative
870,TikTok,19,#IcedLatte,Spring,54,14,6,neutral
871,TikTok,3,#PSL,Fall,44,10,4,positive
872,Instagram,8,#Frappuccino,Spring,55,9,6,positive
873,Twitter,5,#Starbucks,Summer,44,8,3,neutral
874,TikTok,15,#IcedLatte,Summer,62,9,3,positive
875,TikTok,21,#IcedLatte,Spring,44,12,5,positive
876,TikTok,21,#Starbucks,Winter,45,10,7,positive
877,Twitter,20,#Frappuccino,Summer,38,14,4,negative
878,Instagram,20,#CoffeeLover,Winter,55,11,9,positive
879,Twitter,1,#Starbucks,Summer,56,15,3,positive
880,Instagram,23,#Frappuccino,Winter,46,8,8,positive
881,TikTok,7,#Starbucks,Winter,45,4,4,positive
882,TikTok,10,#Starbucks,Winter,60,11,5,positive
883,Twitter,12,#PSL,Spring,59,6,8,negative
884,Twitter,16,#Frappuccino,Winter,51,12,5,negative
885,Instagram,7,#CoffeeLover,Winter,40,11,5,positive
886,Instagram,20,#PSL,Winter,61,10,4,negative
887,Twitter,17,#Starbucks,Summer,41,11,5,positive
888,Instagram,17,#Starbucks,Winter,43,10,6,neutral
889,Twitter,13,#Starbucks,Summer,36,4,5,positive
890,Instagram,14,#Frappuccino,Winter,47,9,6,negative
891,Twitter,5,#Frappuccino,Winter,55,10,7,positive
892,Twitter,10,#PSL,Spring,58,8,4,neutral
893,Twitter,12,#CoffeeLover,Summer,46,9,6,neutral
894,Instagram,0,#PSL,Winter,55,11,3,positive
895,Instagram,5,#IcedLatte,Summer,46,10,4,positive
896,Instagram,8,#Starbucks,Summer,56,12,7,positive
897,Twitter,7,#Starbucks,Fall,59,7,6,neutral
898,Instagram,10,#Starbucks,Spring,42,9,2,positive
899,Instagram,21,#PSL,Spring,55,14,7,neutral
900,Twitter,18,#PSL,Spring,49,14,8,negative
901,TikTok,23,#Starbucks,Fall,43,13,3,positive
902,Twitter,8,#PSL,Fall,58,13,7,positive
903,Instagram,16,#Frappuccino,Spring,50,14,6,neutral
904,Twitter,11,#Frappuccino,Fall,66,15,9,neutral
905,TikTok,13,#PSL,Fall,49,12,5,negative
906,Twitter,14,#Starbucks,Fall,54,5,6,positive
907,Instagram,15,#PSL,Spring,49,14,4,positive
908,TikTok,21,#PSL,Spring,53,10,4,negative
909,Instagram,21,#PSL,Spring,53,12,6,negative
910,TikTok,19,#IcedLatte,Fall,48,8,4,neutral
911,TikTok,0,#Frappuccino,Spring,44,6,5,positive
912,Twitter,9,#CoffeeLover,Fall,66,5,2,positive
913,Twitter,7,#CoffeeLover,Winter,55,6,4,positive
914,Instagram,17,#IcedLatte,Fall,59,7,5,negative
915,Twitter,0,#PSL,Summer,54,10,6,positive
916,Twitter,1,#IcedLatte,Spring,58,17,5,neutral
917,TikTok,0,#IcedLatte,Spring,52,8,8,neutral
918,Twitter,0,#Starbucks,Summer,49,7,2,positive
919,TikTok,8,#Frappuccino,Fall,53,11,3,positive
920,TikTok,12,#CoffeeLover,Winter,49,7,6,neutral
921,TikTok,0,#PSL,Summer,55,10,6,positive
922,Instagram,12,#CoffeeLover,Summer,57,10,6,positive
923,Instagram,19,#CoffeeLover,Fall,52,13,3,positive
924,Instagram,21,#Frappuccino,Spring,54,12,7,negative
925,TikTok,6,#CoffeeLover,Fall,44,8,7,negative
926,Instagram,1,#CoffeeLover,Summer,51,9,3,neutral
927,Instagram,5,#IcedLatte,Summer,52,9,4,neutral
928,Twitter,6,#Frappuccino,Spring,56,6,2,neutral
929,Instagram,13,#Starbucks,Spring,43,10,7,neutral
930,Instagram,17,#PSL,Spring,49,7,7,negative
931,TikTok,14,#CoffeeLover,Fall,50,14,7,positive
932,TikTok,1,#PSL,Spring,43,9,5,positive
933,TikTok,9,#Starbucks,Summer,37,18,6,negative
934,TikTok,22,#PSL,Summer,59,11,5,neutral
935,TikTok,11,#Starbucks,Winter,47,11,3,positive
936,TikTok,16,#IcedLatte,Fall,43,14,3,negative
937,Instagram,7,#CoffeeLover,Winter,43,7,8,positive
938,TikTok,10,#Starbucks,Summer,44,10,6,positive
939,TikTok,2,#PSL,Winter,48,11,10,neutral
940,Twitter,5,#CoffeeLover,Summer,57,8,7,positive
941,Instagram,8,#IcedLatte,Winter,40,9,10,neutral
942,Instagram,5,#CoffeeLover,Spring,52,14,5,positive
943,Instagram,8,#Starbucks,Winter,44,12,6,positive
944,TikTok,6,#IcedLatte,Spring,45,17,5,neutral
945,TikTok,8,#PSL,Spring,60,12,4,neutral
946,TikTok,17,#IcedLatte,Fall,46,9,5,positive
947,Twitter,11,#IcedLatte,Spring,40,16,6,negative
948,TikTok,7,#Frappuccino,Spring,50,11,3,neutral
949,Twitter,7,#IcedLatte,Winter,52,9,5,positive
950,Instagram,17,#IcedLatte,Summer,46,12,3,positive
951,TikTok,19,#CoffeeLover,Fall,44,10,2,negative
952,Twitter,14,#PSL,Spring,38,7,6,neutral
953,Twitter,6,#CoffeeLover,Fall,54,11,5,positive
954,TikTok,10,#CoffeeLover,Winter,53,16,5,positive
955,Instagram,19,#Starbucks,Spring,51,9,7,positive
956,Instagram,15,#CoffeeLover,Winter,48,12,7,positive
957,Instagram,3,#Frappuccino,Fall,55,13,8,neutral
958,Twitter,5,#Frappuccino,Winter,57,8,3,negative
959,Twitter,21,#Starbucks,Fall,47,14,9,positive
960,Twitter,2,#PSL,Winter,49,18,5,negative
961,Twitter,8,#PSL,Fall,36,12,6,negative
962,Instagram,9,#CoffeeLover,Summer,52,12,2,negative
963,TikTok,13,#CoffeeLover,Winter,52,12,8,negative
964,Twitter,10,#CoffeeLover,Winter,53,6,4,negative
965,Twitter,17,#PSL,Summer,40,5,3,neutral
966,Instagram,21,#IcedLatte,Summer,50,14,7,positive
967,TikTok,11,#Frappuccino,Winter,47,5,8,positive
968,TikTok,22,#IcedLatte,Summer,51,10,10,negative
969,Instagram,11,#IcedLatte,Spring,52,20,4,positive
970,Instagram,12,#PSL,Fall,46,9,4,positive
971,TikTok,12,#IcedLatte,Fall,51,6,3,positive
972,Twitter,18,#Starbucks,Fall,54,11,6,negative
973,TikTok,18,#CoffeeLover,Spring,50,13,10,neutral
974,Instagram,22,#Starbucks,Summer,35,8,7,positive
975,Twitter,13,#Frappuccino,Summer,47,12,3,positive
976,Twitter,3,#CoffeeLover,Winter,48,9,8,neutral
977,Instagram,12,#IcedLatte,Summer,55,6,4,positive
978,Instagram,7,#Frappuccino,Winter,64,10,6,neutral
979,Instagram,22,#CoffeeLover,Spring,54,8,7,positive
980,TikTok,20,#IcedLatte,Fall,48,6,1,negative
981,TikTok,22,#Starbucks,Fall,64,10,4,neutral
982,Twitter,18,#CoffeeLover,Fall,50,10,9,neutral
983,Instagram,11,#IcedLatte,Summer,40,6,5,neutral
984,Twitter,17,#Starbucks,Winter,52,12,2,positive
985,Twitter,5,#Frappuccino,Winter,43,12,8,positive
986,Twitter,17,#Frappuccino,Spring,52,14,4,neutral
987,Twitter,18,#Frappuccino,Summer,58,6,9,negative
988,Instagram,21,#Frappuccino,Spring,47,8,4,positive
989,Twitter,4,#PSL,Winter,45,5,4,neutral
990,Instagram,23,#CoffeeLover,Winter,55,11,5,negative
991,Instagram,8,#CoffeeLover,Fall,40,13,5,negative
992,TikTok,2,#PSL,Summer,45,8,3,neutral
993,Instagram,9,#IcedLatte,Winter,55,8,8,neutral
994,TikTok,18,#IcedLatte,Fall,55,3,5,negative
995,Instagram,2,#Frappuccino,Summer,45,12,4,negative
996,Instagram,21,#Starbucks,Spring,43,11,5,negative
997,Instagram,14,#IcedLatte,Summer,51,9,4,neutral
998,TikTok,0,#Starbucks,Summer,39,5,6,positive
999,TikTok,6,#CoffeeLover,Winter,57,16,3,positive
1000,Twitter,11,#Starbucks,Winter,35,9,5,positive
